{"stats":{"minecraft:picked_up":{"minecraft:diamond_shovel":1,"minecraft:wheat_seeds":3,"minecraft:iron_ingot":2,"minecraft:oak_log":4,"minecraft:dirt":21,"minecraft:cobblestone":20},"minecraft:used":{"minecraft:cooked_mutton":1,"minecraft:dirt":18,"minecraft:stone_pickaxe":20},"minecraft:crafted":{"minecraft:stone_sword":1,"minecraft:oak_planks":16,"minecraft:shield":1,"minecraft:stone_axe":1,"minecraft:stick":8},"minecraft:custom":{"minecraft:time_since_rest":839,"minecraft:open_chest":3,"minecraft:crouch_one_cm":153,"minecraft:play_time":12377,"minecraft:sprint_one_cm":31433,"minecraft:damage_taken":40,"minecraft:walk_one_cm":23802,"minecraft:sneak_time":149,"minecraft:walk_under_water_one_cm":643,"minecraft:drop":4,"minecraft:jump":158,"minecraft:damage_dealt":10,"minecraft:time_since_death":12377,"minecraft:walk_on_water_one_cm":2337,"minecraft:sleep_in_bed":1,"minecraft:total_world_time":12377,"minecraft:talked_to_villager":1,"minecraft:swim_one_cm":17250,"minecraft:interact_with_crafting_table":1,"minecraft:fall_one_cm":4642,"minecraft:fly_one_cm":40350},"minecraft:mined":{"minecraft:grass":20,"minecraft:grass_block":15,"minecraft:oak_log":4,"minecraft:dirt":3,"minecraft:stone":20},"minecraft:dropped":{"minecraft:diamond_shovel":1,"minecraft:wheat_seeds":3}},"DataVersion":3465}