{"stats":{"minecraft:picked_up":{"minecraft:magma_block":1,"minecraft:basalt":2,"minecraft:azure_bluet":1,"minecraft:cooked_beef":2,"minecraft:clay_ball":16,"minecraft:water_bucket":3,"minecraft:tuff":2,"minecraft:oak_log":73,"minecraft:shield":3,"minecraft:string":1,"minecraft:dirt":111,"minecraft:iron_axe":3,"minecraft:bone":5,"minecraft:apple":1,"minecraft:wheat_seeds":12,"minecraft:cobbled_deepslate":77,"minecraft:stone_pickaxe":1,"minecraft:iron_ingot":32,"minecraft:poppy":3,"minecraft:iron_pickaxe":3,"minecraft:sugar_cane":5,"minecraft:oak_planks":21,"minecraft:iron_boots":3,"minecraft:egg":3,"minecraft:stick":36,"minecraft:raw_iron":3,"minecraft:torch":7,"minecraft:gravel":6,"minecraft:porkchop":4,"minecraft:diorite":4,"minecraft:redstone":9,"minecraft:stone_sword":1,"minecraft:diamond_shovel":1,"minecraft:arrow":4,"minecraft:rotten_flesh":10,"minecraft:stone_axe":1,"minecraft:nether_bricks":33,"minecraft:granite":3,"minecraft:gold_ingot":5,"minecraft:saddle":1,"minecraft:bread":19,"minecraft:blaze_rod":2,"minecraft:cobblestone":78},"minecraft:used":{"minecraft:cooked_mutton":1,"minecraft:water_bucket":1,"minecraft:stone_sword":37,"minecraft:stone_pickaxe":74,"minecraft:redstone":9,"minecraft:poppy":1,"minecraft:oak_planks":10,"minecraft:shield":29,"minecraft:iron_sword":15,"minecraft:rotten_flesh":7,"minecraft:torch":2,"minecraft:dirt":123,"minecraft:nether_bricks":12,"minecraft:crossbow":5,"minecraft:golden_chestplate":1,"minecraft:tuff":2,"minecraft:azure_bluet":1,"minecraft:apple":3,"minecraft:iron_axe":69,"minecraft:bread":20,"minecraft:iron_pickaxe":65,"minecraft:iron_boots":1,"minecraft:gravel":6,"minecraft:stone_axe":42,"minecraft:cobblestone":8,"minecraft:porkchop":4,"minecraft:cooked_porkchop":2,"minecraft:bucket":1,"minecraft:egg":4,"minecraft:cooked_beef":2,"minecraft:cobbled_deepslate":3},"minecraft:killed_by":{"minecraft:player":1,"minecraft:wither_skeleton":2,"minecraft:blaze":3,"minecraft:zombie":1,"minecraft:iron_golem":1},"minecraft:crafted":{"minecraft:oak_planks":292,"minecraft:emerald":8,"minecraft:iron_sword":1,"minecraft:stone_axe":1,"minecraft:bread":36,"minecraft:air":0,"minecraft:bow":1,"minecraft:iron_boots":1,"minecraft:shield":4,"minecraft:iron_axe":2,"minecraft:stick":444,"minecraft:iron_ingot":7,"minecraft:iron_pickaxe":2,"minecraft:stone_sword":2},"minecraft:custom":{"minecraft:interact_with_furnace":12,"minecraft:mob_kills":22,"minecraft:traded_with_villager":15,"minecraft:interact_with_crafting_table":17,"minecraft:leave_game":10,"minecraft:time_since_death":10167,"minecraft:sleep_in_bed":10,"minecraft:time_since_rest":17273,"minecraft:sprint_one_cm":396811,"minecraft:damage_taken":4288,"minecraft:walk_one_cm":260721,"minecraft:damage_blocked_by_shield":1130,"minecraft:drop":59,"minecraft:damage_dealt":3894,"minecraft:swim_one_cm":52320,"minecraft:talked_to_villager":26,"minecraft:fly_one_cm":505775,"minecraft:open_chest":69,"minecraft:crouch_one_cm":8441,"minecraft:play_time":202557,"minecraft:deaths":11,"minecraft:sneak_time":2887,"minecraft:walk_under_water_one_cm":12636,"minecraft:jump":2249,"minecraft:walk_on_water_one_cm":27684,"minecraft:total_world_time":202557,"minecraft:fall_one_cm":49547,"minecraft:horse_one_cm":1367008},"minecraft:killed":{"minecraft:magma_cube":5,"minecraft:pig":2,"minecraft:spider":1,"minecraft:iron_golem":1,"minecraft:skeleton":2,"minecraft:zombie":4,"minecraft:wither_skeleton":2,"minecraft:blaze":4},"minecraft:mined":{"minecraft:white_bed":1,"minecraft:glass_pane":2,"minecraft:basalt":2,"minecraft:torch":2,"minecraft:granite":4,"minecraft:nether_bricks":35,"minecraft:grass_block":16,"minecraft:poppy":2,"minecraft:tall_grass":14,"minecraft:cobblestone":8,"minecraft:oak_planks":5,"minecraft:diorite":1,"minecraft:wall_torch":1,"minecraft:spawner":1,"minecraft:seagrass":1,"minecraft:tall_seagrass":2,"minecraft:magma_block":1,"minecraft:cobbled_deepslate":2,"minecraft:fire":8,"minecraft:grass":137,"minecraft:oak_log":75,"minecraft:deepslate_iron_ore":3,"minecraft:gravel":8,"minecraft:dirt":11,"minecraft:stone":46,"minecraft:deepslate":34},"minecraft:dropped":{"minecraft:iron_ingot":5,"minecraft:wheat_seeds":12,"minecraft:nether_wart":40,"minecraft:stone_sword":1,"minecraft:obsidian":4,"minecraft:rotten_flesh":1,"minecraft:diamond_shovel":1,"minecraft:poppy":2,"minecraft:arrow":2,"minecraft:bone":1}},"DataVersion":3465}