{"stats":{"minecraft:picked_up":{"minecraft:magma_block":1,"minecraft:azure_bluet":1,"minecraft:cooked_beef":2,"minecraft:clay_ball":16,"minecraft:water_bucket":3,"minecraft:tuff":2,"minecraft:oak_log":49,"minecraft:shield":3,"minecraft:dirt":23,"minecraft:iron_axe":3,"minecraft:bone":3,"minecraft:wheat_seeds":12,"minecraft:cobbled_deepslate":77,"minecraft:iron_ingot":32,"minecraft:poppy":3,"minecraft:iron_pickaxe":3,"minecraft:oak_planks":11,"minecraft:iron_boots":3,"minecraft:egg":3,"minecraft:stick":16,"minecraft:raw_iron":3,"minecraft:torch":6,"minecraft:gravel":6,"minecraft:porkchop":4,"minecraft:diorite":4,"minecraft:redstone":9,"minecraft:stone_sword":1,"minecraft:diamond_shovel":1,"minecraft:arrow":4,"minecraft:rotten_flesh":8,"minecraft:nether_bricks":26,"minecraft:granite":3,"minecraft:bread":12,"minecraft:blaze_rod":1,"minecraft:cobblestone":54},"minecraft:used":{"minecraft:cooked_mutton":1,"minecraft:water_bucket":1,"minecraft:stone_sword":37,"minecraft:stone_pickaxe":63,"minecraft:redstone":9,"minecraft:poppy":1,"minecraft:oak_planks":10,"minecraft:shield":29,"minecraft:iron_sword":15,"minecraft:rotten_flesh":7,"minecraft:torch":2,"minecraft:dirt":64,"minecraft:nether_bricks":12,"minecraft:tuff":2,"minecraft:azure_bluet":1,"minecraft:apple":2,"minecraft:iron_axe":39,"minecraft:bread":15,"minecraft:iron_pickaxe":65,"minecraft:iron_boots":1,"minecraft:gravel":6,"minecraft:stone_axe":29,"minecraft:cobblestone":8,"minecraft:porkchop":4,"minecraft:cooked_porkchop":2,"minecraft:bucket":1,"minecraft:egg":4,"minecraft:cooked_beef":2,"minecraft:cobbled_deepslate":3},"minecraft:killed_by":{"minecraft:wither_skeleton":1,"minecraft:blaze":1,"minecraft:zombie":1,"minecraft:iron_golem":1},"minecraft:crafted":{"minecraft:oak_planks":196,"minecraft:emerald":8,"minecraft:iron_sword":1,"minecraft:stone_axe":1,"minecraft:bread":36,"minecraft:air":0,"minecraft:bow":1,"minecraft:iron_boots":1,"minecraft:shield":3,"minecraft:iron_axe":1,"minecraft:stick":276,"minecraft:iron_pickaxe":1,"minecraft:stone_sword":1},"minecraft:custom":{"minecraft:interact_with_furnace":4,"minecraft:mob_kills":16,"minecraft:traded_with_villager":15,"minecraft:interact_with_crafting_table":11,"minecraft:leave_game":10,"minecraft:time_since_death":317,"minecraft:sleep_in_bed":10,"minecraft:time_since_rest":345,"minecraft:sprint_one_cm":279587,"minecraft:damage_taken":3061,"minecraft:walk_one_cm":212246,"minecraft:damage_blocked_by_shield":1130,"minecraft:drop":59,"minecraft:damage_dealt":3295,"minecraft:swim_one_cm":52320,"minecraft:talked_to_villager":26,"minecraft:fly_one_cm":377566,"minecraft:open_chest":50,"minecraft:crouch_one_cm":6087,"minecraft:play_time":130557,"minecraft:deaths":7,"minecraft:sneak_time":2024,"minecraft:walk_under_water_one_cm":12636,"minecraft:jump":1785,"minecraft:walk_on_water_one_cm":27684,"minecraft:total_world_time":130557,"minecraft:fall_one_cm":39501,"minecraft:horse_one_cm":1367008},"minecraft:killed":{"minecraft:magma_cube":4,"minecraft:pig":2,"minecraft:iron_golem":1,"minecraft:skeleton":2,"minecraft:zombie":4,"minecraft:wither_skeleton":1,"minecraft:blaze":1},"minecraft:mined":{"minecraft:white_bed":1,"minecraft:glass_pane":2,"minecraft:torch":2,"minecraft:granite":4,"minecraft:nether_bricks":27,"minecraft:grass_block":16,"minecraft:poppy":2,"minecraft:tall_grass":14,"minecraft:cobblestone":8,"minecraft:diorite":1,"minecraft:wall_torch":1,"minecraft:spawner":1,"minecraft:seagrass":1,"minecraft:tall_seagrass":2,"minecraft:magma_block":1,"minecraft:cobbled_deepslate":2,"minecraft:fire":4,"minecraft:grass":137,"minecraft:oak_log":50,"minecraft:deepslate_iron_ore":3,"minecraft:gravel":8,"minecraft:dirt":4,"minecraft:stone":46,"minecraft:deepslate":34},"minecraft:dropped":{"minecraft:iron_ingot":5,"minecraft:wheat_seeds":12,"minecraft:nether_wart":40,"minecraft:stone_sword":1,"minecraft:obsidian":4,"minecraft:rotten_flesh":1,"minecraft:diamond_shovel":1,"minecraft:poppy":2,"minecraft:arrow":2,"minecraft:bone":1}},"DataVersion":3465}