{"stats":{"minecraft:picked_up":{"minecraft:magma_block":1,"minecraft:cooked_beef":2,"minecraft:water_bucket":1,"minecraft:tuff":2,"minecraft:oak_log":39,"minecraft:shield":1,"minecraft:dirt":21,"minecraft:iron_axe":1,"minecraft:bone":2,"minecraft:wheat_seeds":4,"minecraft:cobbled_deepslate":77,"minecraft:iron_ingot":24,"minecraft:poppy":3,"minecraft:iron_pickaxe":1,"minecraft:oak_planks":7,"minecraft:iron_boots":1,"minecraft:stick":4,"minecraft:raw_iron":3,"minecraft:torch":2,"minecraft:gravel":6,"minecraft:redstone":9,"minecraft:diamond_shovel":1,"minecraft:arrow":4,"minecraft:rotten_flesh":2,"minecraft:nether_bricks":1,"minecraft:bread":1,"minecraft:blaze_rod":1,"minecraft:cobblestone":20},"minecraft:used":{"minecraft:cooked_mutton":1,"minecraft:water_bucket":1,"minecraft:stone_sword":7,"minecraft:redstone":9,"minecraft:stone_pickaxe":62,"minecraft:poppy":1,"minecraft:oak_planks":3,"minecraft:shield":8,"minecraft:iron_sword":15,"minecraft:rotten_flesh":2,"minecraft:dirt":19,"minecraft:nether_bricks":1,"minecraft:tuff":2,"minecraft:iron_axe":25,"minecraft:bread":4,"minecraft:iron_boots":1,"minecraft:gravel":6,"minecraft:stone_axe":21,"minecraft:cooked_porkchop":2,"minecraft:bucket":1,"minecraft:cooked_beef":2,"minecraft:cobbled_deepslate":3},"minecraft:killed_by":{"minecraft:iron_golem":1},"minecraft:crafted":{"minecraft:oak_planks":116,"minecraft:emerald":4,"minecraft:iron_sword":1,"minecraft:stone_axe":1,"minecraft:bread":12,"minecraft:air":0,"minecraft:iron_boots":1,"minecraft:bow":1,"minecraft:shield":2,"minecraft:iron_axe":1,"minecraft:stick":160,"minecraft:iron_pickaxe":1,"minecraft:stone_sword":1},"minecraft:custom":{"minecraft:interact_with_furnace":1,"minecraft:mob_kills":8,"minecraft:traded_with_villager":7,"minecraft:interact_with_crafting_table":6,"minecraft:leave_game":6,"minecraft:time_since_death":1613,"minecraft:sleep_in_bed":6,"minecraft:time_since_rest":1640,"minecraft:sprint_one_cm":116557,"minecraft:damage_taken":1058,"minecraft:walk_one_cm":125479,"minecraft:damage_blocked_by_shield":290,"minecraft:drop":50,"minecraft:damage_dealt":1807,"minecraft:swim_one_cm":17333,"minecraft:talked_to_villager":14,"minecraft:fly_one_cm":120573,"minecraft:open_chest":24,"minecraft:crouch_one_cm":772,"minecraft:play_time":54370,"minecraft:deaths":2,"minecraft:sneak_time":548,"minecraft:walk_under_water_one_cm":1283,"minecraft:jump":646,"minecraft:walk_on_water_one_cm":11068,"minecraft:total_world_time":54370,"minecraft:fall_one_cm":15988},"minecraft:killed":{"minecraft:magma_cube":3,"minecraft:iron_golem":1,"minecraft:skeleton":1,"minecraft:zombie":2,"minecraft:blaze":1},"minecraft:mined":{"minecraft:white_bed":1,"minecraft:glass_pane":2,"minecraft:torch":1,"minecraft:nether_bricks":1,"minecraft:grass_block":15,"minecraft:tall_grass":1,"minecraft:magma_block":1,"minecraft:cobbled_deepslate":2,"minecraft:fire":1,"minecraft:grass":35,"minecraft:oak_log":40,"minecraft:deepslate_iron_ore":3,"minecraft:gravel":8,"minecraft:dirt":3,"minecraft:stone":20,"minecraft:deepslate":34},"minecraft:dropped":{"minecraft:iron_ingot":5,"minecraft:wheat_seeds":4,"minecraft:nether_wart":40,"minecraft:obsidian":4,"minecraft:rotten_flesh":1,"minecraft:diamond_shovel":1,"minecraft:poppy":2,"minecraft:arrow":2}},"DataVersion":3465}