{"stats":{"minecraft:picked_up":{"minecraft:charcoal":1,"minecraft:azure_bluet":1,"minecraft:chicken":1,"minecraft:clay_ball":16,"minecraft:smithing_table":1,"minecraft:shield":3,"minecraft:string":1,"minecraft:iron_axe":3,"minecraft:diamond_leggings":1,"minecraft:smooth_stone":14,"minecraft:cobbled_deepslate":77,"minecraft:poppy":3,"minecraft:iron_pickaxe":3,"minecraft:lectern":1,"minecraft:sugar_cane":5,"minecraft:egg":4,"minecraft:iron_boots":3,"minecraft:furnace":1,"minecraft:raw_iron":3,"minecraft:stick":36,"minecraft:composter":1,"minecraft:torch":7,"minecraft:porkchop":7,"minecraft:diorite":4,"minecraft:redstone":9,"minecraft:diamond_chestplate":1,"minecraft:stone_sword":1,"minecraft:arrow":4,"minecraft:rotten_flesh":10,"minecraft:nether_bricks":33,"minecraft:diamond_boots":1,"minecraft:saddle":1,"minecraft:gold_ingot":5,"minecraft:blaze_rod":2,"minecraft:cobblestone":110,"minecraft:magma_block":1,"minecraft:cooked_beef":2,"minecraft:basalt":2,"minecraft:water_bucket":3,"minecraft:tuff":2,"minecraft:oak_log":97,"minecraft:lapis_lazuli":7,"minecraft:dirt":112,"minecraft:bone":6,"minecraft:apple":1,"minecraft:stonecutter":1,"minecraft:wheat_seeds":15,"minecraft:iron_ingot":41,"minecraft:stone_pickaxe":1,"minecraft:oak_fence_gate":1,"minecraft:diamond_helmet":1,"minecraft:oak_planks":21,"minecraft:gravel":6,"minecraft:sand":13,"minecraft:diamond_shovel":1,"minecraft:stone_axe":1,"minecraft:granite":3,"minecraft:bread":28},"minecraft:used":{"minecraft:stone_sword":37,"minecraft:redstone":9,"minecraft:poppy":1,"minecraft:shield":29,"minecraft:iron_sword":15,"minecraft:rotten_flesh":7,"minecraft:torch":2,"minecraft:dirt":123,"minecraft:nether_bricks":12,"minecraft:golden_chestplate":1,"minecraft:tuff":2,"minecraft:azure_bluet":1,"minecraft:oak_fence_gate":4,"minecraft:iron_axe":144,"minecraft:iron_boots":1,"minecraft:egg":4,"minecraft:cooked_beef":2,"minecraft:cobbled_deepslate":3,"minecraft:cooked_mutton":1,"minecraft:water_bucket":1,"minecraft:stone_pickaxe":74,"minecraft:oak_planks":10,"minecraft:composter":1,"minecraft:stonecutter":2,"minecraft:blast_furnace":1,"minecraft:crossbow":5,"minecraft:apple":3,"minecraft:bread":28,"minecraft:iron_pickaxe":93,"minecraft:lectern":1,"minecraft:gravel":6,"minecraft:stone_axe":42,"minecraft:cobblestone":10,"minecraft:cooked_porkchop":2,"minecraft:porkchop":5,"minecraft:smithing_table":2,"minecraft:bucket":1},"minecraft:killed_by":{"minecraft:player":1,"minecraft:wither_skeleton":2,"minecraft:iron_golem":1,"minecraft:blaze":3,"minecraft:zombie":1},"minecraft:crafted":{"minecraft:oak_planks":388,"minecraft:smooth_stone":18,"minecraft:blast_furnace":1,"minecraft:stone":21,"minecraft:iron_boots":1,"minecraft:bow":1,"minecraft:iron_axe":2,"minecraft:oak_slab":12,"minecraft:emerald":14,"minecraft:iron_sword":1,"minecraft:smithing_table":1,"minecraft:stone_axe":1,"minecraft:bread":72,"minecraft:air":0,"minecraft:oak_fence_gate":3,"minecraft:shield":4,"minecraft:stick":564,"minecraft:iron_ingot":7,"minecraft:iron_pickaxe":2,"minecraft:stone_sword":2,"minecraft:stonecutter":1},"minecraft:custom":{"minecraft:interact_with_smithing_table":1,"minecraft:mob_kills":24,"minecraft:interact_with_crafting_table":38,"minecraft:leave_game":10,"minecraft:time_since_death":46167,"minecraft:sprint_one_cm":537326,"minecraft:walk_one_cm":332821,"minecraft:damage_blocked_by_shield":1130,"minecraft:drop":103,"minecraft:talked_to_villager":42,"minecraft:play_time":238557,"minecraft:deaths":11,"minecraft:sneak_time":3764,"minecraft:walk_under_water_one_cm":14708,"minecraft:jump":3078,"minecraft:walk_on_water_one_cm":32085,"minecraft:total_world_time":238557,"minecraft:interact_with_furnace":24,"minecraft:traded_with_villager":27,"minecraft:interact_with_grindstone":3,"minecraft:interact_with_stonecutter":7,"minecraft:sleep_in_bed":15,"minecraft:time_since_rest":10180,"minecraft:damage_taken":4520,"minecraft:damage_dealt":4082,"minecraft:swim_one_cm":56373,"minecraft:fly_one_cm":701655,"minecraft:open_chest":90,"minecraft:crouch_one_cm":13963,"minecraft:fall_one_cm":67851,"minecraft:horse_one_cm":1367008},"minecraft:killed":{"minecraft:spider":1,"minecraft:skeleton":2,"minecraft:chicken":1,"minecraft:magma_cube":5,"minecraft:pig":3,"minecraft:iron_golem":1,"minecraft:zombie":4,"minecraft:wither_skeleton":2,"minecraft:blaze":4},"minecraft:mined":{"minecraft:white_bed":1,"minecraft:nether_bricks":35,"minecraft:granite":4,"minecraft:grass_block":16,"minecraft:composter":1,"minecraft:spawner":1,"minecraft:tall_seagrass":3,"minecraft:magma_block":1,"minecraft:furnace":1,"minecraft:fire":8,"minecraft:cobbled_deepslate":2,"minecraft:deepslate_iron_ore":3,"minecraft:stone":71,"minecraft:smithing_table":1,"minecraft:glass_pane":2,"minecraft:basalt":2,"minecraft:torch":2,"minecraft:poppy":2,"minecraft:lectern":1,"minecraft:cobblestone":8,"minecraft:tall_grass":14,"minecraft:oak_planks":6,"minecraft:diorite":1,"minecraft:wall_torch":1,"minecraft:seagrass":1,"minecraft:grass":181,"minecraft:oak_log":100,"minecraft:oak_fence_gate":1,"minecraft:gravel":8,"minecraft:dirt":11,"minecraft:stonecutter":1,"minecraft:oak_leaves":4,"minecraft:deepslate":34},"minecraft:dropped":{"minecraft:iron_ingot":5,"minecraft:bread":33,"minecraft:oak_slab":6,"minecraft:wheat_seeds":20,"minecraft:stick":2,"minecraft:smooth_stone":15,"minecraft:bone":1,"minecraft:nether_wart":40,"minecraft:stone_sword":1,"minecraft:obsidian":4,"minecraft:rotten_flesh":1,"minecraft:diamond_shovel":1,"minecraft:poppy":2,"minecraft:arrow":2}},"DataVersion":3465}