{"stats":{"minecraft:mined":{"minecraft:white_bed":1,"minecraft:nether_bricks":35,"minecraft:granite":7,"minecraft:grass_block":16,"minecraft:spruce_leaves":4,"minecraft:composter":1,"minecraft:spawner":1,"minecraft:tall_seagrass":3,"minecraft:magma_block":1,"minecraft:furnace":1,"minecraft:cobbled_deepslate":2,"minecraft:fire":8,"minecraft:andesite":6,"minecraft:deepslate_iron_ore":3,"minecraft:stone":108,"minecraft:smithing_table":1,"minecraft:glass_pane":2,"minecraft:basalt":2,"minecraft:torch":2,"minecraft:poppy":2,"minecraft:lectern":1,"minecraft:cobblestone":9,"minecraft:tall_grass":17,"minecraft:oak_planks":6,"minecraft:diorite":3,"minecraft:wall_torch":1,"minecraft:seagrass":1,"minecraft:spruce_log":57,"minecraft:grass":224,"minecraft:oak_log":107,"minecraft:oak_fence_gate":1,"minecraft:gravel":8,"minecraft:dirt":11,"minecraft:stonecutter":1,"minecraft:oak_leaves":4,"minecraft:deepslate":34},"minecraft:crafted":{"minecraft:oak_planks":416,"minecraft:smooth_stone":18,"minecraft:blast_furnace":1,"minecraft:stone":21,"minecraft:bow":1,"minecraft:iron_boots":1,"minecraft:iron_axe":2,"minecraft:oak_slab":12,"minecraft:emerald":14,"minecraft:crafting_table":1,"minecraft:iron_sword":2,"minecraft:smithing_table":1,"minecraft:stone_axe":2,"minecraft:bread":72,"minecraft:air":0,"minecraft:oak_fence_gate":3,"minecraft:shield":4,"minecraft:stick":572,"minecraft:iron_ingot":7,"minecraft:iron_pickaxe":2,"minecraft:stone_sword":2,"minecraft:stonecutter":1},"minecraft:custom":{"minecraft:interact_with_smithing_table":1,"minecraft:mob_kills":25,"minecraft:interact_with_crafting_table":40,"minecraft:leave_game":11,"minecraft:time_since_death":8813,"minecraft:sprint_one_cm":592345,"minecraft:walk_one_cm":367729,"minecraft:damage_blocked_by_shield":3230,"minecraft:drop":105,"minecraft:talked_to_villager":45,"minecraft:play_time":257466,"minecraft:deaths":12,"minecraft:sneak_time":4692,"minecraft:walk_under_water_one_cm":14940,"minecraft:jump":3397,"minecraft:walk_on_water_one_cm":32630,"minecraft:total_world_time":257466,"minecraft:interact_with_furnace":25,"minecraft:traded_with_villager":28,"minecraft:interact_with_grindstone":3,"minecraft:interact_with_stonecutter":7,"minecraft:sleep_in_bed":15,"minecraft:time_since_rest":8844,"minecraft:damage_taken":5080,"minecraft:damage_dealt":4732,"minecraft:swim_one_cm":62333,"minecraft:fly_one_cm":945494,"minecraft:open_chest":102,"minecraft:crouch_one_cm":17165,"minecraft:fall_one_cm":78391,"minecraft:horse_one_cm":1388088},"minecraft:used":{"minecraft:stone_sword":42,"minecraft:redstone":9,"minecraft:poppy":1,"minecraft:shield":64,"minecraft:iron_sword":15,"minecraft:rotten_flesh":7,"minecraft:torch":2,"minecraft:dirt":123,"minecraft:nether_bricks":12,"minecraft:golden_chestplate":1,"minecraft:tuff":2,"minecraft:granite":3,"minecraft:azure_bluet":1,"minecraft:oak_fence_gate":4,"minecraft:iron_axe":149,"minecraft:iron_helmet":1,"minecraft:iron_boots":1,"minecraft:egg":4,"minecraft:potato":5,"minecraft:cooked_beef":2,"minecraft:cobbled_deepslate":3,"minecraft:cooked_mutton":1,"minecraft:water_bucket":1,"minecraft:stone_pickaxe":107,"minecraft:oak_planks":10,"minecraft:ender_pearl":3,"minecraft:composter":1,"minecraft:stonecutter":2,"minecraft:blast_furnace":1,"minecraft:crossbow":5,"minecraft:apple":3,"minecraft:chicken":1,"minecraft:bread":35,"minecraft:iron_pickaxe":109,"minecraft:lectern":1,"minecraft:gravel":6,"minecraft:stone_axe":103,"minecraft:cobblestone":54,"minecraft:porkchop":7,"minecraft:cooked_porkchop":2,"minecraft:smithing_table":2,"minecraft:bucket":1,"minecraft:smooth_stone":14},"minecraft:broken":{"minecraft:diamond_boots":1},"minecraft:killed_by":{"minecraft:player":1,"minecraft:wither_skeleton":2,"minecraft:enderman":1,"minecraft:iron_golem":1,"minecraft:blaze":3,"minecraft:zombie":1},"minecraft:dropped":{"minecraft:iron_ingot":5,"minecraft:bread":33,"minecraft:oak_slab":6,"minecraft:wheat_seeds":22,"minecraft:stick":2,"minecraft:smooth_stone":15,"minecraft:bone":1,"minecraft:nether_wart":40,"minecraft:stone_sword":1,"minecraft:obsidian":4,"minecraft:rotten_flesh":1,"minecraft:diamond_shovel":1,"minecraft:poppy":2,"minecraft:arrow":2},"minecraft:picked_up":{"minecraft:charcoal":1,"minecraft:azure_bluet":1,"minecraft:chicken":1,"minecraft:clay_ball":16,"minecraft:smithing_table":1,"minecraft:shield":3,"minecraft:string":1,"minecraft:iron_axe":3,"minecraft:diamond_leggings":1,"minecraft:cobbled_deepslate":77,"minecraft:smooth_stone":14,"minecraft:poppy":3,"minecraft:iron_pickaxe":3,"minecraft:lectern":1,"minecraft:sugar_cane":5,"minecraft:egg":5,"minecraft:furnace":1,"minecraft:iron_boots":3,"minecraft:stick":36,"minecraft:raw_iron":3,"minecraft:composter":1,"minecraft:torch":7,"minecraft:porkchop":7,"minecraft:diorite":6,"minecraft:redstone":9,"minecraft:diamond_chestplate":1,"minecraft:stone_sword":1,"minecraft:arrow":4,"minecraft:rotten_flesh":10,"minecraft:nether_bricks":33,"minecraft:diamond_boots":1,"minecraft:gold_ingot":5,"minecraft:saddle":1,"minecraft:blaze_rod":2,"minecraft:cobblestone":148,"minecraft:magma_block":1,"minecraft:basalt":2,"minecraft:cooked_beef":2,"minecraft:water_bucket":3,"minecraft:andesite":6,"minecraft:tuff":2,"minecraft:oak_log":104,"minecraft:lapis_lazuli":7,"minecraft:dirt":112,"minecraft:bone":6,"minecraft:apple":1,"minecraft:stonecutter":1,"minecraft:wheat_seeds":17,"minecraft:stone_pickaxe":1,"minecraft:oak_fence_gate":1,"minecraft:iron_ingot":41,"minecraft:diamond_helmet":1,"minecraft:oak_planks":21,"minecraft:gravel":6,"minecraft:sand":13,"minecraft:spruce_log":55,"minecraft:diamond_shovel":1,"minecraft:stone_axe":1,"minecraft:granite":6,"minecraft:bread":29,"minecraft:ender_pearl":4},"minecraft:killed":{"minecraft:spider":1,"minecraft:skeleton":2,"minecraft:chicken":1,"minecraft:magma_cube":5,"minecraft:pig":3,"minecraft:iron_golem":1,"minecraft:zombie":4,"minecraft:wither_skeleton":2,"minecraft:blaze":4,"minecraft:enderman":1}},"DataVersion":3465}