{"stats":{"minecraft:picked_up":{"minecraft:magma_block":1,"minecraft:cooked_beef":2,"minecraft:water_bucket":3,"minecraft:tuff":2,"minecraft:oak_log":39,"minecraft:shield":3,"minecraft:dirt":21,"minecraft:iron_axe":3,"minecraft:bone":2,"minecraft:wheat_seeds":9,"minecraft:cobbled_deepslate":77,"minecraft:iron_ingot":32,"minecraft:poppy":3,"minecraft:iron_pickaxe":3,"minecraft:oak_planks":11,"minecraft:iron_boots":3,"minecraft:stick":16,"minecraft:raw_iron":3,"minecraft:torch":2,"minecraft:gravel":6,"minecraft:redstone":9,"minecraft:diamond_shovel":1,"minecraft:arrow":4,"minecraft:rotten_flesh":4,"minecraft:nether_bricks":26,"minecraft:bread":12,"minecraft:blaze_rod":1,"minecraft:cobblestone":20},"minecraft:used":{"minecraft:cooked_mutton":1,"minecraft:water_bucket":1,"minecraft:stone_sword":7,"minecraft:stone_pickaxe":62,"minecraft:redstone":9,"minecraft:oak_planks":10,"minecraft:poppy":1,"minecraft:shield":16,"minecraft:iron_sword":15,"minecraft:rotten_flesh":3,"minecraft:torch":1,"minecraft:dirt":19,"minecraft:nether_bricks":12,"minecraft:tuff":2,"minecraft:iron_axe":26,"minecraft:bread":7,"minecraft:iron_pickaxe":26,"minecraft:iron_boots":1,"minecraft:gravel":6,"minecraft:stone_axe":21,"minecraft:cooked_porkchop":2,"minecraft:bucket":1,"minecraft:cooked_beef":2,"minecraft:cobbled_deepslate":3},"minecraft:killed_by":{"minecraft:wither_skeleton":1,"minecraft:blaze":1,"minecraft:iron_golem":1},"minecraft:crafted":{"minecraft:oak_planks":156,"minecraft:emerald":6,"minecraft:iron_sword":1,"minecraft:stone_axe":1,"minecraft:bread":24,"minecraft:air":0,"minecraft:bow":1,"minecraft:iron_boots":1,"minecraft:shield":2,"minecraft:iron_axe":1,"minecraft:stick":232,"minecraft:iron_pickaxe":1,"minecraft:stone_sword":1},"minecraft:custom":{"minecraft:interact_with_furnace":1,"minecraft:mob_kills":8,"minecraft:traded_with_villager":11,"minecraft:interact_with_crafting_table":6,"minecraft:leave_game":8,"minecraft:time_since_death":1341,"minecraft:sleep_in_bed":8,"minecraft:time_since_rest":1372,"minecraft:sprint_one_cm":176239,"minecraft:damage_taken":2111,"minecraft:walk_one_cm":155665,"minecraft:damage_blocked_by_shield":570,"minecraft:drop":54,"minecraft:damage_dealt":1913,"minecraft:swim_one_cm":31675,"minecraft:talked_to_villager":17,"minecraft:fly_one_cm":250987,"minecraft:open_chest":25,"minecraft:crouch_one_cm":3435,"minecraft:play_time":72906,"minecraft:deaths":5,"minecraft:sneak_time":1334,"minecraft:walk_under_water_one_cm":1508,"minecraft:jump":1095,"minecraft:walk_on_water_one_cm":12725,"minecraft:total_world_time":72906,"minecraft:fall_one_cm":29379,"minecraft:horse_one_cm":7395},"minecraft:killed":{"minecraft:magma_cube":3,"minecraft:iron_golem":1,"minecraft:skeleton":1,"minecraft:zombie":2,"minecraft:blaze":1},"minecraft:mined":{"minecraft:white_bed":1,"minecraft:glass_pane":2,"minecraft:torch":1,"minecraft:nether_bricks":27,"minecraft:grass_block":15,"minecraft:tall_grass":13,"minecraft:seagrass":1,"minecraft:tall_seagrass":2,"minecraft:magma_block":1,"minecraft:cobbled_deepslate":2,"minecraft:fire":4,"minecraft:grass":120,"minecraft:oak_log":40,"minecraft:deepslate_iron_ore":3,"minecraft:gravel":8,"minecraft:dirt":3,"minecraft:stone":20,"minecraft:deepslate":34},"minecraft:dropped":{"minecraft:iron_ingot":5,"minecraft:wheat_seeds":9,"minecraft:nether_wart":40,"minecraft:obsidian":4,"minecraft:rotten_flesh":1,"minecraft:diamond_shovel":1,"minecraft:poppy":2,"minecraft:arrow":2}},"DataVersion":3465}