{"stats":{"minecraft:picked_up":{"minecraft:magma_block":1,"minecraft:cooked_beef":2,"minecraft:water_bucket":2,"minecraft:tuff":2,"minecraft:oak_log":39,"minecraft:shield":2,"minecraft:dirt":21,"minecraft:iron_axe":2,"minecraft:bone":2,"minecraft:wheat_seeds":5,"minecraft:cobbled_deepslate":77,"minecraft:iron_ingot":28,"minecraft:poppy":3,"minecraft:iron_pickaxe":2,"minecraft:oak_planks":11,"minecraft:iron_boots":2,"minecraft:stick":16,"minecraft:raw_iron":3,"minecraft:torch":2,"minecraft:gravel":6,"minecraft:redstone":9,"minecraft:diamond_shovel":1,"minecraft:arrow":4,"minecraft:rotten_flesh":3,"minecraft:nether_bricks":19,"minecraft:bread":12,"minecraft:blaze_rod":1,"minecraft:cobblestone":20},"minecraft:used":{"minecraft:cooked_mutton":1,"minecraft:water_bucket":1,"minecraft:stone_sword":7,"minecraft:redstone":9,"minecraft:stone_pickaxe":62,"minecraft:poppy":1,"minecraft:oak_planks":10,"minecraft:shield":16,"minecraft:iron_sword":15,"minecraft:rotten_flesh":2,"minecraft:torch":1,"minecraft:dirt":19,"minecraft:nether_bricks":12,"minecraft:tuff":2,"minecraft:iron_axe":26,"minecraft:bread":7,"minecraft:iron_pickaxe":16,"minecraft:iron_boots":1,"minecraft:gravel":6,"minecraft:stone_axe":21,"minecraft:cooked_porkchop":2,"minecraft:bucket":1,"minecraft:cooked_beef":2,"minecraft:cobbled_deepslate":3},"minecraft:killed_by":{"minecraft:wither_skeleton":1,"minecraft:blaze":1,"minecraft:iron_golem":1},"minecraft:crafted":{"minecraft:oak_planks":156,"minecraft:emerald":6,"minecraft:iron_sword":1,"minecraft:stone_axe":1,"minecraft:bread":24,"minecraft:air":0,"minecraft:iron_boots":1,"minecraft:bow":1,"minecraft:shield":2,"minecraft:iron_axe":1,"minecraft:stick":232,"minecraft:iron_pickaxe":1,"minecraft:stone_sword":1},"minecraft:custom":{"minecraft:interact_with_furnace":1,"minecraft:mob_kills":8,"minecraft:traded_with_villager":11,"minecraft:interact_with_crafting_table":6,"minecraft:leave_game":7,"minecraft:time_since_death":861,"minecraft:sleep_in_bed":6,"minecraft:time_since_rest":908,"minecraft:sprint_one_cm":158912,"minecraft:damage_taken":1681,"minecraft:walk_one_cm":148123,"minecraft:damage_blocked_by_shield":570,"minecraft:drop":51,"minecraft:damage_dealt":1905,"minecraft:swim_one_cm":25092,"minecraft:talked_to_villager":16,"minecraft:fly_one_cm":193438,"minecraft:open_chest":24,"minecraft:crouch_one_cm":2660,"minecraft:play_time":66296,"minecraft:deaths":4,"minecraft:sneak_time":1058,"minecraft:walk_under_water_one_cm":1398,"minecraft:jump":917,"minecraft:walk_on_water_one_cm":11321,"minecraft:total_world_time":66296,"minecraft:fall_one_cm":22815},"minecraft:killed":{"minecraft:magma_cube":3,"minecraft:iron_golem":1,"minecraft:skeleton":1,"minecraft:zombie":2,"minecraft:blaze":1},"minecraft:mined":{"minecraft:white_bed":1,"minecraft:glass_pane":2,"minecraft:torch":1,"minecraft:nether_bricks":17,"minecraft:grass_block":15,"minecraft:tall_grass":5,"minecraft:seagrass":1,"minecraft:tall_seagrass":2,"minecraft:magma_block":1,"minecraft:cobbled_deepslate":2,"minecraft:fire":4,"minecraft:grass":81,"minecraft:oak_log":40,"minecraft:deepslate_iron_ore":3,"minecraft:gravel":8,"minecraft:dirt":3,"minecraft:stone":20,"minecraft:deepslate":34},"minecraft:dropped":{"minecraft:iron_ingot":5,"minecraft:wheat_seeds":5,"minecraft:nether_wart":40,"minecraft:obsidian":4,"minecraft:rotten_flesh":1,"minecraft:diamond_shovel":1,"minecraft:poppy":2,"minecraft:arrow":2}},"DataVersion":3465}