{"stats":{"minecraft:picked_up":{"minecraft:raw_iron":3,"minecraft:cooked_beef":2,"minecraft:torch":1,"minecraft:gravel":6,"minecraft:tuff":2,"minecraft:oak_log":25,"minecraft:redstone":9,"minecraft:dirt":21,"minecraft:bone":2,"minecraft:diamond_shovel":1,"minecraft:arrow":4,"minecraft:wheat_seeds":4,"minecraft:nether_bricks":1,"minecraft:cobbled_deepslate":77,"minecraft:iron_ingot":8,"minecraft:poppy":2,"minecraft:bread":1,"minecraft:cobblestone":20},"minecraft:used":{"minecraft:cooked_mutton":1,"minecraft:stone_sword":7,"minecraft:redstone":8,"minecraft:bread":2,"minecraft:stone_pickaxe":61,"minecraft:shield":1,"minecraft:iron_sword":7,"minecraft:gravel":6,"minecraft:stone_axe":21,"minecraft:dirt":19,"minecraft:cooked_porkchop":2,"minecraft:nether_bricks":1,"minecraft:cooked_beef":2,"minecraft:tuff":2,"minecraft:cobbled_deepslate":3},"minecraft:crafted":{"minecraft:oak_planks":100,"minecraft:bow":1,"minecraft:emerald":4,"minecraft:shield":1,"minecraft:stick":152,"minecraft:stone_sword":1,"minecraft:iron_sword":1,"minecraft:stone_axe":1,"minecraft:bread":12,"minecraft:air":0},"minecraft:custom":{"minecraft:time_since_rest":5330,"minecraft:sprint_one_cm":89897,"minecraft:damage_taken":370,"minecraft:walk_one_cm":94847,"minecraft:damage_blocked_by_shield":40,"minecraft:mob_kills":3,"minecraft:drop":49,"minecraft:damage_dealt":619,"minecraft:traded_with_villager":7,"minecraft:swim_one_cm":17333,"minecraft:interact_with_crafting_table":2,"minecraft:talked_to_villager":13,"minecraft:fly_one_cm":92414,"minecraft:open_chest":13,"minecraft:crouch_one_cm":619,"minecraft:play_time":42346,"minecraft:sneak_time":509,"minecraft:walk_under_water_one_cm":1283,"minecraft:jump":522,"minecraft:leave_game":3,"minecraft:time_since_death":42346,"minecraft:walk_on_water_one_cm":10768,"minecraft:sleep_in_bed":5,"minecraft:total_world_time":42346,"minecraft:fall_one_cm":12295},"minecraft:killed":{"minecraft:skeleton":1,"minecraft:zombie":2},"minecraft:mined":{"minecraft:cobbled_deepslate":2,"minecraft:torch":1,"minecraft:nether_bricks":1,"minecraft:grass":35,"minecraft:grass_block":15,"minecraft:oak_log":25,"minecraft:deepslate_iron_ore":3,"minecraft:gravel":8,"minecraft:dirt":3,"minecraft:tall_grass":1,"minecraft:stone":20,"minecraft:deepslate":34},"minecraft:dropped":{"minecraft:iron_ingot":5,"minecraft:poppy":2,"minecraft:wheat_seeds":4,"minecraft:nether_wart":40,"minecraft:obsidian":4,"minecraft:diamond_shovel":1,"minecraft:arrow":2}},"DataVersion":3465}