{"stats":{"minecraft:picked_up":{"minecraft:crafting_table":1,"minecraft:chicken":1,"minecraft:sand":1,"minecraft:oak_log":13,"minecraft:dirt":103,"minecraft:diamond_shovel":2,"minecraft:rotten_flesh":2,"minecraft:wheat_seeds":1,"minecraft:oak_sapling":1,"minecraft:sugar_cane":2,"minecraft:mutton":4,"minecraft:white_wool":2,"minecraft:cobblestone":33,"minecraft:egg":1},"minecraft:used":{"minecraft:stone_sword":22,"minecraft:diamond_shovel":88,"minecraft:stone_shovel":19,"minecraft:stone_pickaxe":9,"minecraft:wooden_pickaxe":24,"minecraft:sugar_cane":2,"minecraft:rotten_flesh":1,"minecraft:stone_axe":6,"minecraft:dirt":43,"minecraft:crafting_table":1,"minecraft:furnace":1,"minecraft:oak_sapling":1},"minecraft:killed_by":{"minecraft:spider":1},"minecraft:crafted":{"minecraft:oak_planks":40,"minecraft:stone_shovel":1,"minecraft:charcoal":2,"minecraft:crafting_table":1,"minecraft:stick":20,"minecraft:wooden_pickaxe":2,"minecraft:stone_pickaxe":2,"minecraft:stone_sword":2,"minecraft:furnace":1,"minecraft:stone_axe":2},"minecraft:custom":{"minecraft:time_since_rest":12839,"minecraft:interact_with_furnace":5,"minecraft:sprint_one_cm":51920,"minecraft:damage_taken":310,"minecraft:walk_one_cm":116596,"minecraft:mob_kills":4,"minecraft:drop":2,"minecraft:damage_dealt":376,"minecraft:swim_one_cm":3864,"minecraft:interact_with_crafting_table":10,"minecraft:fly_one_cm":46717,"minecraft:open_chest":9,"minecraft:crouch_one_cm":476,"minecraft:play_time":30949,"minecraft:deaths":1,"minecraft:sneak_time":817,"minecraft:walk_under_water_one_cm":95,"minecraft:jump":365,"minecraft:walk_on_water_one_cm":5058,"minecraft:time_since_death":19537,"minecraft:sleep_in_bed":1,"minecraft:total_world_time":30949,"minecraft:fall_one_cm":7656},"minecraft:killed":{"minecraft:sheep":2,"minecraft:zombie":1,"minecraft:chicken":1},"minecraft:mined":{"minecraft:crafting_table":1,"minecraft:grass":25,"minecraft:grass_block":33,"minecraft:oak_log":13,"minecraft:dirt_path":1,"minecraft:sand":1,"minecraft:dirt":69,"minecraft:tall_grass":6,"minecraft:cobblestone":3,"minecraft:stone":30,"minecraft:sugar_cane":2,"minecraft:oak_leaves":3},"minecraft:broken":{"minecraft:diamond_shovel":1},"minecraft:dropped":{"minecraft:wheat_seeds":1,"minecraft:diamond_shovel":1}},"DataVersion":3465}