{"stats":{"minecraft:picked_up":{"minecraft:stripped_oak_log":16,"minecraft:crafting_table":1,"minecraft:cooked_beef":9,"minecraft:chicken":1,"minecraft:diamond_sword":1,"minecraft:wooden_pickaxe":2,"minecraft:oak_log":15,"minecraft:brewing_stand":2,"minecraft:dirt":284,"minecraft:iron_axe":1,"minecraft:leather_boots":1,"minecraft:cooked_mutton":2,"minecraft:apple":2,"minecraft:diamond_leggings":1,"minecraft:wheat_seeds":7,"minecraft:eye_armor_trim_smithing_template":2,"minecraft:iron_ingot":4,"minecraft:stone_pickaxe":1,"minecraft:cooked_chicken":2,"minecraft:oak_boat":1,"minecraft:poppy":2,"minecraft:diamond_helmet":1,"minecraft:sugar_cane":28,"minecraft:oak_planks":16,"minecraft:egg":5,"minecraft:book":160,"minecraft:stick":14,"minecraft:raw_iron":22,"minecraft:composter":1,"minecraft:torch":6,"minecraft:porkchop":1,"minecraft:sand":6,"minecraft:diorite":15,"minecraft:white_bed":3,"minecraft:diamond_chestplate":1,"minecraft:stone_sword":2,"minecraft:diamond_shovel":3,"minecraft:rotten_flesh":7,"minecraft:stone_shovel":2,"minecraft:stone_axe":3,"minecraft:diamond_boots":1,"minecraft:baked_potato":18,"minecraft:oak_sapling":1,"minecraft:mutton":4,"minecraft:coal":15,"minecraft:diamond_pickaxe":1,"minecraft:white_wool":2,"minecraft:cobblestone":216,"minecraft:oxeye_daisy":3},"minecraft:used":{"minecraft:wheat_seeds":4,"minecraft:cooked_mutton":4,"minecraft:diorite":1,"minecraft:diamond_boots":1,"minecraft:stone_sword":44,"minecraft:stone_shovel":44,"minecraft:stone_pickaxe":117,"minecraft:baked_potato":5,"minecraft:wooden_pickaxe":24,"minecraft:composter":1,"minecraft:diamond_axe":22,"minecraft:sugar_cane":28,"minecraft:leather_boots":1,"minecraft:cooked_chicken":1,"minecraft:rotten_flesh":11,"minecraft:torch":45,"minecraft:brewing_stand":2,"minecraft:dirt":65,"minecraft:crafting_table":1,"minecraft:white_bed":2,"minecraft:diamond_pickaxe":2,"minecraft:apple":2,"minecraft:oxeye_daisy":1,"minecraft:bookshelf":4,"minecraft:diamond_shovel":88,"minecraft:diamond_sword":3,"minecraft:diamond_chestplate":1,"minecraft:stone_axe":36,"minecraft:cobblestone":59,"minecraft:furnace":1,"minecraft:oak_sapling":1,"minecraft:porkchop":1,"minecraft:oak_boat":1,"minecraft:egg":3,"minecraft:cooked_beef":4,"minecraft:diamond_leggings":1},"minecraft:killed_by":{"minecraft:player":2,"minecraft:creeper":1,"minecraft:spider":1},"minecraft:crafted":{"minecraft:cooked_beef":7,"minecraft:oak_planks":108,"minecraft:stone_shovel":1,"minecraft:crafting_table":1,"minecraft:wooden_pickaxe":2,"minecraft:cooked_chicken":1,"minecraft:furnace":1,"minecraft:stone_axe":3,"minecraft:bookshelf":4,"minecraft:cooked_mutton":4,"minecraft:air":0,"minecraft:bow":2,"minecraft:charcoal":3,"minecraft:stick":28,"minecraft:stone_pickaxe":4,"minecraft:stone_sword":3,"minecraft:torch":52},"minecraft:custom":{"minecraft:interact_with_furnace":29,"minecraft:mob_kills":8,"minecraft:interact_with_crafting_table":21,"minecraft:leave_game":1,"minecraft:time_since_death":28142,"minecraft:sleep_in_bed":5,"minecraft:time_since_rest":9389,"minecraft:sprint_one_cm":293360,"minecraft:damage_taken":2481,"minecraft:walk_one_cm":376534,"minecraft:drop":27,"minecraft:damage_dealt":2011,"minecraft:swim_one_cm":13105,"minecraft:talked_to_villager":8,"minecraft:fly_one_cm":218224,"minecraft:open_chest":64,"minecraft:crouch_one_cm":6119,"minecraft:play_time":120875,"minecraft:deaths":6,"minecraft:sneak_time":3030,"minecraft:walk_under_water_one_cm":6081,"minecraft:boat_one_cm":82035,"minecraft:jump":1779,"minecraft:walk_on_water_one_cm":29415,"minecraft:total_world_time":120875,"minecraft:fall_one_cm":47424},"minecraft:killed":{"minecraft:pig":1,"minecraft:iron_golem":1,"minecraft:sheep":2,"minecraft:zombie":2,"minecraft:chicken":1,"minecraft:villager":1},"minecraft:mined":{"minecraft:white_bed":3,"minecraft:brewing_stand":2,"minecraft:crafting_table":1,"minecraft:grass_block":40,"minecraft:tall_grass":7,"minecraft:cobblestone":3,"minecraft:composter":1,"minecraft:sugar_cane":21,"minecraft:diorite":5,"minecraft:wall_torch":1,"minecraft:spawner":1,"minecraft:iron_ore":23,"minecraft:wheat":6,"minecraft:bookshelf":1,"minecraft:grass":41,"minecraft:oak_log":15,"minecraft:coal_ore":15,"minecraft:dirt_path":1,"minecraft:sand":2,"minecraft:dirt":86,"minecraft:stripped_oak_log":16,"minecraft:stone":92,"minecraft:oak_leaves":3},"minecraft:broken":{"minecraft:diamond_shovel":1},"minecraft:dropped":{"minecraft:iron_ingot":4,"minecraft:stone_axe":1,"minecraft:wheat_seeds":2,"minecraft:cooked_beef":12,"minecraft:diamond_shovel":1,"minecraft:stick":6,"minecraft:oxeye_daisy":1,"minecraft:bow":1,"minecraft:iron_axe":1,"minecraft:stone_pickaxe":1}},"DataVersion":3465}