{"stats":{"minecraft:custom":{"minecraft:time_since_rest":7435,"minecraft:play_time":7435,"minecraft:sprint_one_cm":12542,"minecraft:damage_taken":20,"minecraft:walk_one_cm":20142,"minecraft:jump":128,"minecraft:time_since_death":7435,"minecraft:walk_on_water_one_cm":1882,"minecraft:total_world_time":7435,"minecraft:interact_with_crafting_table":4,"minecraft:fall_one_cm":3030,"minecraft:fly_one_cm":17448},"minecraft:crafted":{"minecraft:stone_sword":1,"minecraft:oak_planks":24,"minecraft:stone_axe":1,"minecraft:crafting_table":1,"minecraft:stick":8,"minecraft:wooden_pickaxe":1,"minecraft:stone_pickaxe":1},"minecraft:mined":{"minecraft:grass":8,"minecraft:oak_log":6,"minecraft:tall_grass":5,"minecraft:stone":16,"minecraft:crafting_table":1},"minecraft:used":{"minecraft:stone_axe":3,"minecraft:crafting_table":1,"minecraft:wooden_pickaxe":16},"minecraft:picked_up":{"minecraft:crafting_table":1,"minecraft:oak_log":6,"minecraft:cobblestone":16}},"DataVersion":3465}