{"stats":{"minecraft:picked_up":{"minecraft:stripped_oak_log":16,"minecraft:crafting_table":1,"minecraft:chicken":1,"minecraft:wooden_pickaxe":2,"minecraft:oak_log":15,"minecraft:dirt":284,"minecraft:iron_axe":1,"minecraft:leather_boots":1,"minecraft:cooked_mutton":2,"minecraft:apple":2,"minecraft:wheat_seeds":7,"minecraft:stone_pickaxe":1,"minecraft:cooked_chicken":2,"minecraft:sugar_cane":28,"minecraft:oak_planks":16,"minecraft:egg":5,"minecraft:stick":14,"minecraft:raw_iron":22,"minecraft:torch":6,"minecraft:porkchop":1,"minecraft:sand":6,"minecraft:diorite":15,"minecraft:white_bed":3,"minecraft:stone_sword":2,"minecraft:diamond_shovel":2,"minecraft:rotten_flesh":7,"minecraft:stone_shovel":2,"minecraft:stone_axe":3,"minecraft:baked_potato":18,"minecraft:oak_sapling":1,"minecraft:mutton":4,"minecraft:coal":15,"minecraft:white_wool":2,"minecraft:cobblestone":216,"minecraft:oxeye_daisy":3},"minecraft:used":{"minecraft:wheat_seeds":4,"minecraft:cooked_mutton":4,"minecraft:diorite":1,"minecraft:stone_sword":44,"minecraft:stone_shovel":44,"minecraft:stone_pickaxe":117,"minecraft:baked_potato":5,"minecraft:wooden_pickaxe":24,"minecraft:sugar_cane":28,"minecraft:leather_boots":1,"minecraft:cooked_chicken":1,"minecraft:rotten_flesh":11,"minecraft:torch":45,"minecraft:dirt":65,"minecraft:crafting_table":1,"minecraft:white_bed":2,"minecraft:apple":2,"minecraft:oxeye_daisy":1,"minecraft:diamond_shovel":88,"minecraft:stone_axe":29,"minecraft:cobblestone":59,"minecraft:furnace":1,"minecraft:oak_sapling":1,"minecraft:porkchop":1,"minecraft:egg":3},"minecraft:killed_by":{"minecraft:player":2,"minecraft:creeper":1,"minecraft:spider":1},"minecraft:crafted":{"minecraft:oak_planks":104,"minecraft:stone_shovel":1,"minecraft:crafting_table":1,"minecraft:wooden_pickaxe":2,"minecraft:cooked_chicken":1,"minecraft:furnace":1,"minecraft:stone_axe":3,"minecraft:cooked_mutton":4,"minecraft:air":0,"minecraft:bow":2,"minecraft:charcoal":3,"minecraft:stick":28,"minecraft:stone_pickaxe":4,"minecraft:stone_sword":3,"minecraft:torch":52},"minecraft:custom":{"minecraft:interact_with_furnace":14,"minecraft:mob_kills":6,"minecraft:interact_with_crafting_table":19,"minecraft:leave_game":1,"minecraft:time_since_death":10142,"minecraft:sleep_in_bed":4,"minecraft:time_since_rest":5162,"minecraft:sprint_one_cm":258271,"minecraft:damage_taken":2175,"minecraft:walk_one_cm":329574,"minecraft:drop":13,"minecraft:damage_dealt":1264,"minecraft:swim_one_cm":13105,"minecraft:talked_to_villager":3,"minecraft:fly_one_cm":205349,"minecraft:open_chest":30,"minecraft:crouch_one_cm":2773,"minecraft:play_time":102875,"minecraft:deaths":6,"minecraft:sneak_time":2068,"minecraft:walk_under_water_one_cm":6081,"minecraft:jump":1647,"minecraft:walk_on_water_one_cm":28135,"minecraft:total_world_time":102875,"minecraft:fall_one_cm":44100},"minecraft:killed":{"minecraft:pig":1,"minecraft:sheep":2,"minecraft:zombie":2,"minecraft:chicken":1},"minecraft:mined":{"minecraft:white_bed":3,"minecraft:crafting_table":1,"minecraft:grass_block":40,"minecraft:tall_grass":7,"minecraft:cobblestone":3,"minecraft:sugar_cane":21,"minecraft:diorite":5,"minecraft:wall_torch":1,"minecraft:spawner":1,"minecraft:iron_ore":23,"minecraft:wheat":6,"minecraft:grass":41,"minecraft:oak_log":15,"minecraft:coal_ore":15,"minecraft:dirt_path":1,"minecraft:sand":2,"minecraft:dirt":86,"minecraft:stripped_oak_log":16,"minecraft:stone":92,"minecraft:oak_leaves":3},"minecraft:broken":{"minecraft:diamond_shovel":1},"minecraft:dropped":{"minecraft:stone_axe":1,"minecraft:wheat_seeds":2,"minecraft:diamond_shovel":1,"minecraft:stick":6,"minecraft:oxeye_daisy":1,"minecraft:iron_axe":1,"minecraft:stone_pickaxe":1}},"DataVersion":3465}