{"stats":{"minecraft:picked_up":{"minecraft:crafting_table":8,"minecraft:azure_bluet":1,"minecraft:glow_ink_sac":10,"minecraft:leather":12,"minecraft:wooden_pickaxe":1,"minecraft:potato":3,"minecraft:flint":2,"minecraft:oak_log":46,"minecraft:shield":1,"minecraft:gunpowder":2,"minecraft:lapis_lazuli":23,"minecraft:paper":4,"minecraft:map":4,"minecraft:dirt":255,"minecraft:string":4,"minecraft:iron_axe":1,"minecraft:cooked_mutton":1,"minecraft:bone":16,"minecraft:wheat_seeds":8,"minecraft:cobbled_deepslate":40,"minecraft:stone_pickaxe":1,"minecraft:iron_ingot":7,"minecraft:beef":8,"minecraft:iron_pickaxe":1,"minecraft:poppy":8,"minecraft:sugar_cane":2,"minecraft:chest":2,"minecraft:oak_planks":84,"minecraft:iron_boots":1,"minecraft:furnace":1,"minecraft:stick":3,"minecraft:raw_iron":14,"minecraft:cooked_porkchop":9,"minecraft:torch":13,"minecraft:dandelion":7,"minecraft:gravel":47,"minecraft:porkchop":9,"minecraft:white_bed":1,"minecraft:redstone":44,"minecraft:spider_eye":2,"minecraft:arrow":8,"minecraft:rotten_flesh":27,"minecraft:diamond":2,"minecraft:hay_block":11,"minecraft:bread":24,"minecraft:oak_sapling":2,"minecraft:oxeye_daisy":1,"minecraft:mutton":34,"minecraft:coal":44,"minecraft:white_wool":15,"minecraft:cobblestone":66},"minecraft:used":{"minecraft:iron_shovel":256,"minecraft:stone_pickaxe":71,"minecraft:chest":1,"minecraft:wooden_pickaxe":14,"minecraft:shield":35,"minecraft:iron_sword":52,"minecraft:fletching_table":1,"minecraft:sugar_cane":2,"minecraft:torch":114,"minecraft:dirt":44,"minecraft:crafting_table":9,"minecraft:white_bed":2,"minecraft:iron_axe":37,"minecraft:bread":20,"minecraft:iron_pickaxe":107,"minecraft:iron_boots":1,"minecraft:stone_axe":98,"minecraft:cobblestone":26,"minecraft:furnace":3,"minecraft:cooked_porkchop":1,"minecraft:cobbled_deepslate":10},"minecraft:killed_by":{"minecraft:zombie":1},"minecraft:crafted":{"minecraft:oak_planks":184,"minecraft:emerald":8,"minecraft:cooked_porkchop":9,"minecraft:crafting_table":2,"minecraft:wooden_pickaxe":1,"minecraft:iron_sword":1,"minecraft:furnace":2,"minecraft:fletching_table":1,"minecraft:stone_axe":1,"minecraft:bread":33,"minecraft:cooked_mutton":1,"minecraft:air":0,"minecraft:iron_boots":1,"minecraft:shield":2,"minecraft:iron_axe":1,"minecraft:stick":320,"minecraft:iron_ingot":13,"minecraft:iron_pickaxe":2,"minecraft:stone_pickaxe":2,"minecraft:iron_shovel":1,"minecraft:white_bed":1,"minecraft:torch":108,"minecraft:wheat":99},"minecraft:custom":{"minecraft:interact_with_furnace":24,"minecraft:mob_kills":43,"minecraft:traded_with_villager":8,"minecraft:interact_with_crafting_table":23,"minecraft:leave_game":1,"minecraft:time_since_death":36083,"minecraft:sleep_in_bed":5,"minecraft:climb_one_cm":296,"minecraft:time_since_rest":7918,"minecraft:sprint_one_cm":135573,"minecraft:damage_taken":1110,"minecraft:walk_one_cm":270003,"minecraft:damage_blocked_by_shield":1170,"minecraft:drop":7,"minecraft:damage_dealt":7788,"minecraft:talked_to_villager":5,"minecraft:swim_one_cm":12991,"minecraft:fly_one_cm":250234,"minecraft:open_chest":11,"minecraft:crouch_one_cm":1689,"minecraft:play_time":77249,"minecraft:deaths":1,"minecraft:sneak_time":578,"minecraft:walk_under_water_one_cm":9810,"minecraft:jump":1588,"minecraft:walk_on_water_one_cm":20602,"minecraft:total_world_time":77249,"minecraft:fall_one_cm":34529,"minecraft:horse_one_cm":65444},"minecraft:killed":{"minecraft:pig":4,"minecraft:spider":2,"minecraft:iron_golem":1,"minecraft:creeper":1,"minecraft:skeleton":9,"minecraft:sheep":9,"minecraft:zombie":13,"minecraft:cow":4},"minecraft:mined":{"minecraft:deepslate_redstone_ore":3,"minecraft:tuff":2,"minecraft:white_bed":1,"minecraft:deepslate_diamond_ore":1,"minecraft:crafting_table":7,"minecraft:torch":6,"minecraft:grass_block":94,"minecraft:poppy":2,"minecraft:chest":1,"minecraft:tall_grass":7,"minecraft:cobblestone":24,"minecraft:lapis_ore":4,"minecraft:sugar_cane":2,"minecraft:oak_planks":7,"minecraft:hay_block":11,"minecraft:furnace":1,"minecraft:iron_ore":2,"minecraft:cobbled_deepslate":2,"minecraft:grass":66,"minecraft:dirt_path":39,"minecraft:oak_log":24,"minecraft:coal_ore":44,"minecraft:deepslate_iron_ore":5,"minecraft:gravel":33,"minecraft:dirt":123,"minecraft:stone":36,"minecraft:deepslate":16},"minecraft:broken":{"minecraft:iron_shovel":1,"minecraft:stone_axe":1},"minecraft:dropped":{"minecraft:gravel":17,"minecraft:rotten_flesh":24,"minecraft:potato":2,"minecraft:shield":1,"minecraft:stone_pickaxe":1,"minecraft:iron_pickaxe":1}},"DataVersion":3465}