{"stats":{"minecraft:custom":{"minecraft:interact_with_furnace":21,"minecraft:mob_kills":28,"minecraft:interact_with_crafting_table":16,"minecraft:time_since_death":35348,"minecraft:sleep_in_bed":2,"minecraft:climb_one_cm":296,"minecraft:time_since_rest":10989,"minecraft:sprint_one_cm":67048,"minecraft:damage_taken":430,"minecraft:walk_one_cm":112669,"minecraft:damage_blocked_by_shield":570,"minecraft:drop":3,"minecraft:damage_dealt":4625,"minecraft:swim_one_cm":8335,"minecraft:fly_one_cm":138180,"minecraft:open_chest":3,"minecraft:crouch_one_cm":1368,"minecraft:play_time":35348,"minecraft:sneak_time":421,"minecraft:walk_under_water_one_cm":4424,"minecraft:jump":825,"minecraft:walk_on_water_one_cm":13243,"minecraft:total_world_time":35348,"minecraft:fall_one_cm":18719},"minecraft:broken":{"minecraft:stone_axe":1},"minecraft:crafted":{"minecraft:oak_planks":112,"minecraft:cooked_porkchop":9,"minecraft:crafting_table":1,"minecraft:wooden_pickaxe":1,"minecraft:furnace":1,"minecraft:stone_axe":1,"minecraft:bread":33,"minecraft:cooked_mutton":1,"minecraft:air":0,"minecraft:iron_boots":1,"minecraft:shield":2,"minecraft:iron_axe":1,"minecraft:stick":40,"minecraft:iron_ingot":12,"minecraft:iron_pickaxe":2,"minecraft:stone_pickaxe":2,"minecraft:white_bed":1,"minecraft:torch":92,"minecraft:wheat":99},"minecraft:killed":{"minecraft:pig":4,"minecraft:spider":2,"minecraft:iron_golem":1,"minecraft:sheep":9,"minecraft:skeleton":5,"minecraft:zombie":3,"minecraft:cow":4},"minecraft:mined":{"minecraft:white_bed":1,"minecraft:torch":1,"minecraft:crafting_table":6,"minecraft:grass_block":1,"minecraft:poppy":1,"minecraft:chest":1,"minecraft:tall_grass":7,"minecraft:cobblestone":3,"minecraft:sugar_cane":2,"minecraft:oak_planks":7,"minecraft:hay_block":11,"minecraft:furnace":1,"minecraft:iron_ore":2,"minecraft:grass":26,"minecraft:coal_ore":34,"minecraft:oak_log":6,"minecraft:deepslate_iron_ore":4,"minecraft:dirt":4,"minecraft:stone":32,"minecraft:deepslate":1},"minecraft:dropped":{"minecraft:shield":1,"minecraft:stone_pickaxe":1,"minecraft:iron_pickaxe":1},"minecraft:used":{"minecraft:stone_pickaxe":71,"minecraft:wooden_pickaxe":13,"minecraft:shield":12,"minecraft:sugar_cane":2,"minecraft:torch":77,"minecraft:dirt":5,"minecraft:crafting_table":6,"minecraft:white_bed":2,"minecraft:iron_axe":5,"minecraft:bread":10,"minecraft:stone_axe":98,"minecraft:cobblestone":7,"minecraft:furnace":2},"minecraft:picked_up":{"minecraft:crafting_table":6,"minecraft:glow_ink_sac":5,"minecraft:leather":6,"minecraft:potato":1,"minecraft:oak_log":28,"minecraft:string":2,"minecraft:map":2,"minecraft:dirt":5,"minecraft:paper":2,"minecraft:bone":5,"minecraft:wheat_seeds":2,"minecraft:iron_ingot":5,"minecraft:beef":8,"minecraft:poppy":3,"minecraft:sugar_cane":2,"minecraft:chest":1,"minecraft:oak_planks":7,"minecraft:furnace":1,"minecraft:stick":2,"minecraft:raw_iron":12,"minecraft:torch":1,"minecraft:porkchop":9,"minecraft:white_bed":1,"minecraft:spider_eye":1,"minecraft:arrow":3,"minecraft:hay_block":11,"minecraft:bread":2,"minecraft:oak_sapling":1,"minecraft:mutton":24,"minecraft:coal":34,"minecraft:cobblestone":37,"minecraft:white_wool":9}},"DataVersion":3465}