{"stats":{"minecraft:crafted":{"minecraft:grindstone":1,"minecraft:oak_planks":1148,"minecraft:blaze_powder":18,"minecraft:birch_boat":1,"minecraft:birch_slab":6,"minecraft:stone":1,"minecraft:diamond_shovel":3,"minecraft:bookshelf":17,"minecraft:cooked_mutton":5,"minecraft:warped_planks":24,"minecraft:glass":4,"minecraft:diamond_helmet":3,"minecraft:bow":2,"minecraft:diamond_leggings":3,"minecraft:iron_boots":1,"minecraft:chest":3,"minecraft:ender_eye":17,"minecraft:glass_bottle":3,"minecraft:emerald":63,"minecraft:arrow":256,"minecraft:cooked_porkchop":9,"minecraft:diamond_axe":2,"minecraft:crafting_table":10,"minecraft:spruce_planks":8,"minecraft:wooden_pickaxe":2,"minecraft:fletching_table":1,"minecraft:brewing_stand":1,"minecraft:birch_planks":352,"minecraft:lectern":1,"minecraft:iron_chestplate":1,"minecraft:book":50,"minecraft:paper":174,"minecraft:diamond_pickaxe":2,"minecraft:charcoal":1,"minecraft:shield":4,"minecraft:stick":2156,"minecraft:stone_slab":2,"minecraft:iron_ingot":18,"minecraft:iron_pickaxe":4,"minecraft:iron_block":2,"minecraft:gold_ingot":9,"minecraft:smooth_stone_slab":2,"minecraft:leather_boots":1,"minecraft:furnace":2,"minecraft:bone_meal":66,"minecraft:flint_and_steel":1,"minecraft:polished_deepslate":340,"minecraft:iron_axe":1,"minecraft:stone_pickaxe":3,"minecraft:diamond_boots":3,"minecraft:dark_oak_planks":16,"minecraft:wheat":432,"minecraft:cooked_beef":33,"minecraft:sugar":1,"minecraft:diamond_sword":2,"minecraft:enchanting_table":1,"minecraft:iron_sword":2,"minecraft:bucket":1,"minecraft:stone_axe":2,"minecraft:bread":313,"minecraft:air":0,"minecraft:oak_boat":3,"minecraft:golden_apple":1,"minecraft:fermented_spider_eye":1,"minecraft:iron_shovel":1,"minecraft:white_bed":1,"minecraft:torch":156,"minecraft:diamond_chestplate":3},"minecraft:mined":{"minecraft:dark_oak_planks":17,"minecraft:dragon_wall_head":1,"minecraft:white_bed":14,"minecraft:cobblestone_stairs":7,"minecraft:brewing_stand":2,"minecraft:obsidian":14,"minecraft:granite":19,"minecraft:grass_block":804,"minecraft:purpur_slab":15,"minecraft:composter":9,"minecraft:oxeye_daisy":1,"minecraft:spawner":2,"minecraft:tall_seagrass":2,"minecraft:iron_ore":2,"minecraft:cobbled_deepslate":14,"minecraft:fire":40,"minecraft:pumpkin":5,"minecraft:deepslate_lapis_ore":6,"minecraft:fletching_table":3,"minecraft:azure_bluet":1,"minecraft:twisting_vines":5,"minecraft:water_cauldron":1,"minecraft:dirt_path":201,"minecraft:iron_bars":3,"minecraft:oak_stairs":1,"minecraft:end_stone_bricks":7,"minecraft:deepslate_redstone_ore":9,"minecraft:brown_mushroom":6,"minecraft:blackstone":27,"minecraft:magenta_wall_banner":1,"minecraft:twisting_vines_plant":7,"minecraft:purpur_stairs":15,"minecraft:torch":8,"minecraft:blast_furnace":1,"minecraft:poppy":4,"minecraft:chest":11,"minecraft:cobblestone":202,"minecraft:nether_quartz_ore":5,"minecraft:oak_planks":63,"minecraft:sugar_cane":142,"minecraft:iron_door":2,"minecraft:wall_torch":17,"minecraft:white_terracotta":1,"minecraft:seagrass":2,"minecraft:warped_nylium":15,"minecraft:warped_planks":1,"minecraft:birch_log":90,"minecraft:wheat":50,"minecraft:purpur_block":91,"minecraft:stone_brick_stairs":1,"minecraft:grass":514,"minecraft:oak_log":258,"minecraft:sand":86,"minecraft:dirt":606,"minecraft:netherrack":64,"minecraft:oak_leaves":55,"minecraft:deepslate":636,"minecraft:deepslate_tiles":1,"minecraft:tuff":81,"minecraft:red_carpet":12,"minecraft:mossy_cobblestone":10,"minecraft:deepslate_diamond_ore":118,"minecraft:oak_door":3,"minecraft:dark_oak_log":1,"minecraft:end_stone":251,"minecraft:nether_bricks":18,"minecraft:crimson_roots":1,"minecraft:redstone_wire":8,"minecraft:sandstone":1,"minecraft:hay_block":48,"minecraft:oak_trapdoor":6,"minecraft:furnace":4,"minecraft:nether_sprouts":3,"minecraft:andesite":15,"minecraft:gold_block":1,"minecraft:nether_brick_fence":1,"minecraft:polished_deepslate":8,"minecraft:bookshelf":50,"minecraft:potatoes":1,"minecraft:deepslate_iron_ore":10,"minecraft:warped_stem":6,"minecraft:stripped_oak_log":7,"minecraft:chorus_plant":2,"minecraft:stone":327,"minecraft:ender_chest":1,"minecraft:smithing_table":1,"minecraft:oak_slab":10,"minecraft:glass_pane":11,"minecraft:basalt":67,"minecraft:dandelion":9,"minecraft:oak_fence":4,"minecraft:crafting_table":19,"minecraft:cornflower":2,"minecraft:warped_roots":13,"minecraft:lectern":91,"minecraft:purpur_pillar":15,"minecraft:tall_grass":41,"minecraft:lapis_ore":4,"minecraft:deepslate_gold_ore":1,"minecraft:diorite":10,"minecraft:warped_wart_block":5,"minecraft:birch_planks":36,"minecraft:cobblestone_wall":1,"minecraft:sweet_berry_bush":8,"minecraft:white_carpet":1,"minecraft:birch_leaves":26,"minecraft:yellow_bed":2,"minecraft:coal_ore":62,"minecraft:end_rod":5,"minecraft:gravel":56,"minecraft:cobweb":13,"minecraft:cracked_stone_bricks":3,"minecraft:stone_bricks":6,"minecraft:mossy_stone_bricks":7},"minecraft:custom":{"minecraft:interact_with_crafting_table":126,"minecraft:leave_game":20,"minecraft:time_since_death":56568,"minecraft:sprint_one_cm":1895949,"minecraft:damage_blocked_by_shield":8260,"minecraft:drop":198,"minecraft:talked_to_villager":154,"minecraft:play_time":1049656,"minecraft:deaths":11,"minecraft:jump":15612,"minecraft:interact_with_brewingstand":11,"minecraft:walk_on_water_one_cm":196209,"minecraft:enchant_item":9,"minecraft:interact_with_furnace":65,"minecraft:traded_with_villager":108,"minecraft:sleep_in_bed":44,"minecraft:open_enderchest":2,"minecraft:damage_dealt":87115,"minecraft:player_kills":1,"minecraft:crouch_one_cm":59643,"minecraft:horse_one_cm":7357071,"minecraft:mob_kills":392,"minecraft:climb_one_cm":8162,"minecraft:walk_one_cm":2758671,"minecraft:sneak_time":19909,"minecraft:walk_under_water_one_cm":114554,"minecraft:boat_one_cm":740269,"minecraft:total_world_time":1049656,"minecraft:raid_trigger":1,"minecraft:interact_with_stonecutter":7,"minecraft:interact_with_grindstone":2,"minecraft:time_since_rest":12497,"minecraft:damage_absorbed":75,"minecraft:damage_taken":20343,"minecraft:swim_one_cm":128549,"minecraft:fly_one_cm":5803047,"minecraft:open_chest":273,"minecraft:aviate_one_cm":1670,"minecraft:fall_one_cm":350932},"minecraft:used":{"minecraft:iron_shovel":256,"minecraft:polished_deepslate":431,"minecraft:chest":15,"minecraft:white_terracotta":1,"minecraft:shield":164,"minecraft:iron_sword":134,"minecraft:stone":2,"minecraft:rotten_flesh":5,"minecraft:iron_chestplate":1,"minecraft:nether_bricks":7,"minecraft:tuff":17,"minecraft:obsidian":10,"minecraft:lava_bucket":1,"minecraft:villager_spawn_egg":9,"minecraft:grass_block":1,"minecraft:bow":131,"minecraft:sweet_berries":31,"minecraft:furnace":6,"minecraft:egg":2,"minecraft:dragon_head":1,"minecraft:diamond_boots":3,"minecraft:end_stone_bricks":5,"minecraft:chorus_fruit":9,"minecraft:stone_pickaxe":71,"minecraft:oak_planks":396,"minecraft:ender_pearl":28,"minecraft:blackstone":11,"minecraft:wooden_pickaxe":48,"minecraft:composter":9,"minecraft:diamond_axe":895,"minecraft:sugar_cane":75,"minecraft:purpur_pillar":7,"minecraft:blast_furnace":1,"minecraft:end_stone":265,"minecraft:bread":264,"minecraft:lectern":92,"minecraft:gravel":1,"minecraft:iron_door":1,"minecraft:diamond_sword":1204,"minecraft:grindstone":1,"minecraft:smithing_table":1,"minecraft:andesite":8,"minecraft:oak_boat":61,"minecraft:bone_meal":66,"minecraft:purpur_block":24,"minecraft:enchanting_table":1,"minecraft:flint_and_steel":53,"minecraft:spruce_planks":8,"minecraft:netherrack":4,"minecraft:torch":261,"minecraft:brewing_stand":3,"minecraft:dirt":1069,"minecraft:diamond_helmet":2,"minecraft:granite":9,"minecraft:dark_oak_planks":18,"minecraft:bookshelf":16,"minecraft:iron_axe":125,"minecraft:oak_stairs":3,"minecraft:iron_boots":1,"minecraft:totem_of_undying":3,"minecraft:diamond_chestplate":1,"minecraft:basalt":49,"minecraft:beef":1,"minecraft:cooked_beef":54,"minecraft:cobbled_deepslate":159,"minecraft:pumpkin":5,"minecraft:wheat_seeds":45,"minecraft:cooked_mutton":9,"minecraft:water_bucket":78,"minecraft:birch_planks":50,"minecraft:glass_bottle":3,"minecraft:birch_boat":4,"minecraft:fletching_table":4,"minecraft:warped_roots":3,"minecraft:oak_slab":12,"minecraft:crafting_table":26,"minecraft:white_bed":32,"minecraft:warped_planks":24,"minecraft:oak_log":1,"minecraft:diamond_pickaxe":1815,"minecraft:ender_eye":28,"minecraft:apple":2,"minecraft:diamond_shovel":2057,"minecraft:iron_pickaxe":364,"minecraft:stone_slab":1,"minecraft:spruce_sapling":3,"minecraft:stone_axe":104,"minecraft:potion":2,"minecraft:cobblestone":580,"minecraft:white_banner":5,"minecraft:cooked_porkchop":1,"minecraft:bucket":80,"minecraft:yellow_bed":1,"minecraft:diamond_leggings":2,"minecraft:splash_potion":1},"minecraft:killed_by":{"minecraft:vindicator":1,"minecraft:witch":1,"minecraft:zombie":2,"minecraft:vex":1,"minecraft:enderman":1,"minecraft:ender_dragon":1},"minecraft:broken":{"minecraft:iron_shovel":1,"minecraft:stone_axe":1,"minecraft:shield":1,"minecraft:iron_pickaxe":1},"minecraft:dropped":{"minecraft:iron_sword":1,"minecraft:lapis_lazuli":21,"minecraft:cooked_beef":3,"minecraft:warped_fungus":1,"minecraft:ender_pearl":5,"minecraft:warped_roots":7,"minecraft:iron_horse_armor":1,"minecraft:purpur_stairs":1,"minecraft:elytra":1,"minecraft:emerald":3,"minecraft:dirt":84,"minecraft:large_fern":1,"minecraft:cornflower":4,"minecraft:crimson_roots":1,"minecraft:sand":64,"minecraft:iron_pickaxe":2,"minecraft:gold_ingot":2,"minecraft:bone":2,"minecraft:oak_door":1,"minecraft:gravel":18,"minecraft:stone_axe":1,"minecraft:twisting_vines":4,"minecraft:wheat":9,"minecraft:rotten_flesh":29,"minecraft:oak_planks":3,"minecraft:diamond_shovel":3,"minecraft:end_stone":21,"minecraft:nether_brick_fence":1,"minecraft:azure_bluet":4,"minecraft:white_bed":1,"minecraft:warped_planks":1,"minecraft:eye_armor_trim_smithing_template":2,"minecraft:poppy":33,"minecraft:leather_boots":1,"minecraft:basalt":1,"minecraft:glass":1,"minecraft:splash_potion":1,"minecraft:netherrack":8,"minecraft:egg":5,"minecraft:water_bucket":2,"minecraft:iron_ingot":26,"minecraft:bread":27,"minecraft:oak_slab":6,"minecraft:wheat_seeds":60,"minecraft:mossy_cobblestone":1,"minecraft:golden_horse_armor":1,"minecraft:diamond_leggings":2,"minecraft:book":157,"minecraft:iron_helmet":2,"minecraft:cobblestone":16,"minecraft:granite":38,"minecraft:coal":1,"minecraft:stick":5,"minecraft:end_rod":4,"minecraft:oxeye_daisy":4,"minecraft:diorite":8,"minecraft:iron_door":2,"minecraft:diamond_helmet":2,"minecraft:oak_stairs":1,"minecraft:iron_axe":1,"minecraft:smooth_stone":14,"minecraft:string":2,"minecraft:dandelion":68,"minecraft:warped_nylium":5,"minecraft:oak_trapdoor":6,"minecraft:stone_shovel":2,"minecraft:chicken":2,"minecraft:iron_boots":3,"minecraft:nether_bricks":10,"minecraft:totem_of_undying":1,"minecraft:diamond_sword":7,"minecraft:potato":19,"minecraft:shield":1,"minecraft:diamond_chestplate":2,"minecraft:diamond_pickaxe":1,"minecraft:iron_chestplate":4,"minecraft:andesite":17,"minecraft:mossy_stone_bricks":4,"minecraft:golden_leggings":1,"minecraft:oak_boat":1,"minecraft:diamond_boots":2,"minecraft:sandstone":2,"minecraft:bow":1,"minecraft:stone_pickaxe":3,"minecraft:wooden_pickaxe":1},"minecraft:picked_up":{"minecraft:shulker_shell":5,"minecraft:iron_chestplate":6,"minecraft:wheat":80,"minecraft:nether_brick_fence":1,"minecraft:smithing_table":1,"minecraft:lead":3,"minecraft:diamond_sword":18,"minecraft:oak_stairs":1,"minecraft:stone_brick_stairs":1,"minecraft:brewing_stand":3,"minecraft:golden_sword":4,"minecraft:polished_deepslate":18,"minecraft:string":54,"minecraft:iron_leggings":1,"minecraft:diamond_leggings":10,"minecraft:smooth_stone":15,"minecraft:cobbled_deepslate":701,"minecraft:bucket":1,"minecraft:ender_eye":16,"minecraft:iron_pickaxe":4,"minecraft:iron_boots":3,"minecraft:furnace":4,"minecraft:stick":234,"minecraft:composter":11,"minecraft:oak_fence":3,"minecraft:torch":54,"minecraft:purpur_pillar":12,"minecraft:porkchop":9,"minecraft:diorite":10,"minecraft:warped_planks":1,"minecraft:cauldron":1,"minecraft:goat_horn":2,"minecraft:stone_sword":1,"minecraft:rotten_flesh":82,"minecraft:end_rod":8,"minecraft:white_terracotta":1,"minecraft:blaze_rod":10,"minecraft:obsidian":31,"minecraft:iron_bars":39,"minecraft:blaze_powder":21,"minecraft:cobblestone":617,"minecraft:birch_log":93,"minecraft:feather":2,"minecraft:cooked_beef":53,"minecraft:magma_cream":6,"minecraft:iron_door":13,"minecraft:water_bucket":3,"minecraft:andesite":33,"minecraft:golden_leggings":4,"minecraft:potato":21,"minecraft:flint":40,"minecraft:tuff":29,"minecraft:map":5,"minecraft:lapis_lazuli":115,"minecraft:dirt":2104,"minecraft:twisting_vines":5,"minecraft:glass":2,"minecraft:bone":90,"minecraft:bow":9,"minecraft:wheat_seeds":254,"minecraft:raw_gold":2,"minecraft:mossy_stone_bricks":4,"minecraft:fletching_table":3,"minecraft:diamond_helmet":10,"minecraft:glowstone_dust":4,"minecraft:oak_planks":156,"minecraft:cooked_porkchop":9,"minecraft:warped_wart_block":3,"minecraft:sand":106,"minecraft:grass_block":58,"minecraft:dark_oak_log":10,"minecraft:mossy_cobblestone":21,"minecraft:diamond":180,"minecraft:crossbow":6,"minecraft:granite":56,"minecraft:bone_meal":21,"minecraft:emerald":21,"minecraft:bread":267,"minecraft:netherrack":75,"minecraft:oak_sapling":8,"minecraft:chorus_fruit":38,"minecraft:crimson_roots":1,"minecraft:diamond_pickaxe":11,"minecraft:end_stone_bricks":5,"minecraft:crafting_table":20,"minecraft:azure_bluet":4,"minecraft:splash_potion":5,"minecraft:chicken":2,"minecraft:nether_wart":80,"minecraft:brown_mushroom":11,"minecraft:wooden_pickaxe":2,"minecraft:gold_block":2,"minecraft:dragon_head":1,"minecraft:purpur_block":115,"minecraft:shield":11,"minecraft:cornflower":8,"minecraft:oak_trapdoor":6,"minecraft:elytra":3,"minecraft:iron_axe":2,"minecraft:large_fern":1,"minecraft:flint_and_steel":9,"minecraft:item_frame":2,"minecraft:white_carpet":2,"minecraft:blackstone":35,"minecraft:music_disc_otherside":3,"minecraft:beef":119,"minecraft:oak_boat":69,"minecraft:iron_nugget":10,"minecraft:poppy":53,"minecraft:lectern":92,"minecraft:sugar_cane":193,"minecraft:chest":26,"minecraft:birch_sapling":11,"minecraft:egg":15,"minecraft:dark_oak_sapling":2,"minecraft:raw_iron":33,"minecraft:sandstone":3,"minecraft:end_stone":294,"minecraft:stone":2,"minecraft:oak_door":4,"minecraft:redstone":69,"minecraft:dark_oak_planks":15,"minecraft:arrow":697,"minecraft:stone_shovel":2,"minecraft:diamond_chestplate":9,"minecraft:nether_bricks":20,"minecraft:diamond_boots":10,"minecraft:purpur_slab":13,"minecraft:hay_block":48,"minecraft:glistering_melon_slice":36,"minecraft:saddle":2,"minecraft:gold_ingot":2,"minecraft:totem_of_undying":8,"minecraft:mutton":44,"minecraft:white_wool":22,"minecraft:oxeye_daisy":4,"minecraft:stripped_oak_log":7,"minecraft:basalt":72,"minecraft:glow_ink_sac":15,"minecraft:tripwire_hook":9,"minecraft:leather":84,"minecraft:birch_planks":119,"minecraft:purpur_stairs":19,"minecraft:oak_log":304,"minecraft:yellow_bed":1,"minecraft:cobblestone_wall":2,"minecraft:gunpowder":82,"minecraft:cobblestone_stairs":12,"minecraft:blue_bed":1,"minecraft:paper":101,"minecraft:white_banner":9,"minecraft:cooked_mutton":7,"minecraft:red_carpet":32,"minecraft:apple":5,"minecraft:stone_bricks":5,"minecraft:warped_stem":6,"minecraft:iron_ingot":102,"minecraft:stone_pickaxe":4,"minecraft:glass_bottle":5,"minecraft:book":147,"minecraft:oak_slab":18,"minecraft:warped_fungus":1,"minecraft:birch_boat":5,"minecraft:pumpkin":5,"minecraft:sweet_berries":33,"minecraft:dandelion":102,"minecraft:gravel":97,"minecraft:spruce_sapling":3,"minecraft:blast_furnace":1,"minecraft:white_bed":17,"minecraft:spruce_log":2,"minecraft:spider_eye":15,"minecraft:diamond_shovel":14,"minecraft:stone_axe":2,"minecraft:iron_helmet":2,"minecraft:diamond_axe":10,"minecraft:warped_roots":26,"minecraft:warped_nylium":19,"minecraft:coal":79,"minecraft:ender_pearl":80},"minecraft:killed":{"minecraft:witch":5,"minecraft:spider":12,"minecraft:shulker":22,"minecraft:skeleton":28,"minecraft:silverfish":1,"minecraft:magma_cube":23,"minecraft:pig":4,"minecraft:iron_golem":14,"minecraft:ender_dragon":1,"minecraft:creeper":16,"minecraft:sheep":10,"minecraft:trader_llama":4,"minecraft:pillager":13,"minecraft:zombie":45,"minecraft:ghast":1,"minecraft:blaze":20,"minecraft:cow":62,"minecraft:evoker":2,"minecraft:vex":4,"minecraft:vindicator":16,"minecraft:horse":2,"minecraft:drowned":1,"minecraft:wandering_trader":2,"minecraft:wither_skeleton":15,"minecraft:enderman":62}},"DataVersion":3465}