{"stats":{"minecraft:picked_up":{"minecraft:crafting_table":10,"minecraft:azure_bluet":1,"minecraft:glow_ink_sac":10,"minecraft:leather":12,"minecraft:oak_stairs":1,"minecraft:wooden_pickaxe":1,"minecraft:potato":3,"minecraft:cornflower":2,"minecraft:flint":3,"minecraft:oak_trapdoor":6,"minecraft:oak_log":51,"minecraft:shield":1,"minecraft:gunpowder":2,"minecraft:lapis_lazuli":23,"minecraft:map":4,"minecraft:string":4,"minecraft:dirt":1088,"minecraft:paper":4,"minecraft:iron_axe":1,"minecraft:cooked_mutton":7,"minecraft:bone":16,"minecraft:wheat_seeds":59,"minecraft:cobbled_deepslate":77,"minecraft:iron_ingot":17,"minecraft:beef":8,"minecraft:stone_pickaxe":1,"minecraft:poppy":14,"minecraft:iron_pickaxe":1,"minecraft:sugar_cane":8,"minecraft:chest":2,"minecraft:oak_planks":86,"minecraft:iron_boots":1,"minecraft:furnace":2,"minecraft:stick":3,"minecraft:raw_iron":14,"minecraft:sandstone":1,"minecraft:cooked_porkchop":9,"minecraft:pumpkin":5,"minecraft:torch":13,"minecraft:dandelion":17,"minecraft:sand":85,"minecraft:gravel":52,"minecraft:porkchop":9,"minecraft:white_bed":2,"minecraft:redstone":44,"minecraft:spider_eye":2,"minecraft:arrow":8,"minecraft:rotten_flesh":27,"minecraft:diamond":2,"minecraft:hay_block":11,"minecraft:bread":24,"minecraft:oak_sapling":2,"minecraft:mutton":38,"minecraft:coal":44,"minecraft:white_wool":15,"minecraft:cobblestone":68,"minecraft:oxeye_daisy":2},"minecraft:used":{"minecraft:iron_shovel":256,"minecraft:stone_pickaxe":71,"minecraft:wooden_pickaxe":14,"minecraft:chest":1,"minecraft:shield":35,"minecraft:iron_sword":87,"minecraft:sugar_cane":8,"minecraft:fletching_table":1,"minecraft:torch":114,"minecraft:dirt":522,"minecraft:crafting_table":9,"minecraft:white_bed":3,"minecraft:diamond_shovel":1535,"minecraft:iron_axe":97,"minecraft:bread":24,"minecraft:iron_pickaxe":148,"minecraft:iron_boots":1,"minecraft:stone_axe":98,"minecraft:cobblestone":26,"minecraft:furnace":3,"minecraft:cooked_porkchop":1,"minecraft:cobbled_deepslate":12},"minecraft:killed_by":{"minecraft:zombie":1},"minecraft:crafted":{"minecraft:oak_planks":184,"minecraft:emerald":8,"minecraft:cooked_porkchop":9,"minecraft:crafting_table":2,"minecraft:wooden_pickaxe":1,"minecraft:iron_sword":1,"minecraft:furnace":2,"minecraft:fletching_table":1,"minecraft:diamond_shovel":1,"minecraft:stone_axe":1,"minecraft:bread":33,"minecraft:cooked_mutton":1,"minecraft:air":0,"minecraft:iron_boots":1,"minecraft:shield":2,"minecraft:iron_axe":1,"minecraft:stick":320,"minecraft:iron_ingot":13,"minecraft:iron_pickaxe":2,"minecraft:stone_pickaxe":2,"minecraft:iron_shovel":1,"minecraft:white_bed":1,"minecraft:torch":108,"minecraft:wheat":99},"minecraft:custom":{"minecraft:interact_with_furnace":24,"minecraft:mob_kills":45,"minecraft:traded_with_villager":8,"minecraft:interact_with_crafting_table":25,"minecraft:leave_game":3,"minecraft:time_since_death":86827,"minecraft:sleep_in_bed":8,"minecraft:climb_one_cm":296,"minecraft:time_since_rest":3845,"minecraft:sprint_one_cm":170580,"minecraft:damage_taken":1263,"minecraft:walk_one_cm":532431,"minecraft:damage_blocked_by_shield":1170,"minecraft:drop":9,"minecraft:damage_dealt":9788,"minecraft:swim_one_cm":19641,"minecraft:talked_to_villager":5,"minecraft:fly_one_cm":297266,"minecraft:open_chest":13,"minecraft:crouch_one_cm":2553,"minecraft:play_time":127993,"minecraft:sneak_time":1162,"minecraft:deaths":1,"minecraft:walk_under_water_one_cm":12399,"minecraft:jump":1911,"minecraft:walk_on_water_one_cm":26816,"minecraft:total_world_time":127993,"minecraft:fall_one_cm":38958,"minecraft:horse_one_cm":65444},"minecraft:killed":{"minecraft:pig":4,"minecraft:spider":2,"minecraft:iron_golem":3,"minecraft:creeper":1,"minecraft:skeleton":9,"minecraft:sheep":9,"minecraft:zombie":13,"minecraft:cow":4},"minecraft:mined":{"minecraft:deepslate_redstone_ore":3,"minecraft:tuff":2,"minecraft:white_bed":2,"minecraft:deepslate_diamond_ore":1,"minecraft:cornflower":1,"minecraft:dandelion":9,"minecraft:torch":6,"minecraft:crafting_table":9,"minecraft:grass_block":642,"minecraft:poppy":4,"minecraft:chest":1,"minecraft:tall_grass":15,"minecraft:cobblestone":26,"minecraft:lapis_ore":4,"minecraft:oak_planks":28,"minecraft:sugar_cane":4,"minecraft:oxeye_daisy":1,"minecraft:sandstone":1,"minecraft:hay_block":11,"minecraft:oak_trapdoor":6,"minecraft:furnace":2,"minecraft:iron_ore":2,"minecraft:cobbled_deepslate":4,"minecraft:pumpkin":5,"minecraft:azure_bluet":1,"minecraft:grass":356,"minecraft:coal_ore":44,"minecraft:oak_log":29,"minecraft:dirt_path":175,"minecraft:deepslate_iron_ore":5,"minecraft:oak_stairs":1,"minecraft:sand":86,"minecraft:gravel":39,"minecraft:dirt":323,"minecraft:stone":36,"minecraft:deepslate":51},"minecraft:broken":{"minecraft:iron_shovel":1,"minecraft:stone_axe":1},"minecraft:dropped":{"minecraft:gravel":17,"minecraft:rotten_flesh":24,"minecraft:azure_bluet":1,"minecraft:potato":2,"minecraft:shield":1,"minecraft:oak_stairs":1,"minecraft:stone_pickaxe":1,"minecraft:iron_pickaxe":1}},"DataVersion":3465}