{"stats":{"minecraft:picked_up":{"minecraft:iron_chestplate":2,"minecraft:wheat":49,"minecraft:nether_brick_fence":1,"minecraft:lead":2,"minecraft:diamond_sword":4,"minecraft:oak_stairs":1,"minecraft:stone_brick_stairs":1,"minecraft:brewing_stand":2,"minecraft:golden_sword":4,"minecraft:polished_deepslate":5,"minecraft:string":46,"minecraft:diamond_leggings":3,"minecraft:cobbled_deepslate":616,"minecraft:ender_eye":16,"minecraft:iron_pickaxe":1,"minecraft:furnace":4,"minecraft:iron_boots":2,"minecraft:stick":57,"minecraft:composter":10,"minecraft:torch":44,"minecraft:porkchop":9,"minecraft:warped_planks":1,"minecraft:cauldron":1,"minecraft:goat_horn":2,"minecraft:stone_sword":1,"minecraft:rotten_flesh":63,"minecraft:white_terracotta":1,"minecraft:blaze_rod":10,"minecraft:obsidian":23,"minecraft:blaze_powder":21,"minecraft:cobblestone":444,"minecraft:birch_log":66,"minecraft:feather":2,"minecraft:cooked_beef":19,"minecraft:magma_cream":6,"minecraft:andesite":4,"minecraft:golden_leggings":4,"minecraft:potato":20,"minecraft:flint":40,"minecraft:tuff":18,"minecraft:map":5,"minecraft:lapis_lazuli":46,"minecraft:dirt":1903,"minecraft:twisting_vines":5,"minecraft:glass":2,"minecraft:bone":65,"minecraft:bow":6,"minecraft:wheat_seeds":104,"minecraft:raw_gold":2,"minecraft:mossy_stone_bricks":4,"minecraft:diamond_helmet":3,"minecraft:fletching_table":3,"minecraft:glowstone_dust":3,"minecraft:oak_planks":134,"minecraft:cooked_porkchop":9,"minecraft:warped_wart_block":3,"minecraft:sand":106,"minecraft:grass_block":1,"minecraft:dark_oak_log":9,"minecraft:mossy_cobblestone":21,"minecraft:diamond":134,"minecraft:crossbow":6,"minecraft:granite":16,"minecraft:emerald":6,"minecraft:bread":117,"minecraft:oak_sapling":2,"minecraft:netherrack":75,"minecraft:crimson_roots":1,"minecraft:diamond_pickaxe":3,"minecraft:crafting_table":16,"minecraft:azure_bluet":4,"minecraft:splash_potion":3,"minecraft:nether_wart":80,"minecraft:brown_mushroom":11,"minecraft:wooden_pickaxe":2,"minecraft:gold_block":2,"minecraft:shield":4,"minecraft:cornflower":8,"minecraft:oak_trapdoor":6,"minecraft:iron_axe":2,"minecraft:flint_and_steel":9,"minecraft:blackstone":35,"minecraft:beef":111,"minecraft:oak_boat":38,"minecraft:poppy":48,"minecraft:lectern":57,"minecraft:chest":10,"minecraft:sugar_cane":189,"minecraft:birch_sapling":2,"minecraft:egg":10,"minecraft:raw_iron":19,"minecraft:sandstone":3,"minecraft:oak_door":3,"minecraft:redstone":67,"minecraft:stone_shovel":2,"minecraft:arrow":116,"minecraft:diamond_chestplate":2,"minecraft:nether_bricks":20,"minecraft:diamond_boots":3,"minecraft:hay_block":11,"minecraft:totem_of_undying":2,"minecraft:glistering_melon_slice":36,"minecraft:saddle":2,"minecraft:gold_ingot":2,"minecraft:mutton":38,"minecraft:white_wool":21,"minecraft:oxeye_daisy":4,"minecraft:stripped_oak_log":7,"minecraft:basalt":72,"minecraft:tripwire_hook":9,"minecraft:glow_ink_sac":15,"minecraft:leather":81,"minecraft:birch_planks":88,"minecraft:oak_log":217,"minecraft:gunpowder":76,"minecraft:cobblestone_stairs":8,"minecraft:paper":21,"minecraft:white_banner":9,"minecraft:cooked_mutton":7,"minecraft:apple":5,"minecraft:warped_stem":6,"minecraft:iron_ingot":51,"minecraft:stone_pickaxe":4,"minecraft:book":147,"minecraft:warped_fungus":1,"minecraft:birch_boat":5,"minecraft:pumpkin":5,"minecraft:dandelion":102,"minecraft:gravel":95,"minecraft:white_bed":11,"minecraft:spider_eye":13,"minecraft:diamond_shovel":3,"minecraft:stone_axe":2,"minecraft:diamond_axe":3,"minecraft:warped_roots":21,"minecraft:warped_nylium":19,"minecraft:coal":78,"minecraft:ender_pearl":17},"minecraft:used":{"minecraft:iron_shovel":256,"minecraft:polished_deepslate":418,"minecraft:chest":8,"minecraft:white_terracotta":1,"minecraft:shield":124,"minecraft:iron_sword":134,"minecraft:iron_chestplate":1,"minecraft:nether_bricks":7,"minecraft:tuff":6,"minecraft:obsidian":10,"minecraft:lava_bucket":1,"minecraft:villager_spawn_egg":9,"minecraft:grass_block":1,"minecraft:bow":117,"minecraft:furnace":6,"minecraft:egg":1,"minecraft:diamond_boots":2,"minecraft:stone_pickaxe":71,"minecraft:oak_planks":363,"minecraft:blackstone":11,"minecraft:wooden_pickaxe":14,"minecraft:composter":8,"minecraft:diamond_axe":596,"minecraft:sugar_cane":75,"minecraft:bread":105,"minecraft:lectern":58,"minecraft:gravel":1,"minecraft:diamond_sword":552,"minecraft:oak_boat":36,"minecraft:enchanting_table":1,"minecraft:flint_and_steel":53,"minecraft:netherrack":4,"minecraft:torch":261,"minecraft:brewing_stand":2,"minecraft:dirt":855,"minecraft:diamond_helmet":1,"minecraft:bookshelf":16,"minecraft:iron_axe":125,"minecraft:oak_stairs":3,"minecraft:iron_boots":1,"minecraft:basalt":49,"minecraft:beef":1,"minecraft:cooked_beef":28,"minecraft:cobbled_deepslate":74,"minecraft:pumpkin":5,"minecraft:wheat_seeds":25,"minecraft:cooked_mutton":9,"minecraft:water_bucket":19,"minecraft:birch_planks":31,"minecraft:glass_bottle":3,"minecraft:birch_boat":4,"minecraft:fletching_table":4,"minecraft:warped_roots":3,"minecraft:oak_slab":4,"minecraft:crafting_table":22,"minecraft:white_bed":25,"minecraft:warped_planks":24,"minecraft:oak_log":1,"minecraft:apple":2,"minecraft:ender_eye":22,"minecraft:diamond_pickaxe":1148,"minecraft:diamond_shovel":1823,"minecraft:iron_pickaxe":364,"minecraft:stone_axe":104,"minecraft:cobblestone":421,"minecraft:white_banner":5,"minecraft:cooked_porkchop":1,"minecraft:bucket":21,"minecraft:diamond_leggings":1,"minecraft:splash_potion":1},"minecraft:killed_by":{"minecraft:vindicator":1,"minecraft:witch":1,"minecraft:zombie":1,"minecraft:enderman":1},"minecraft:crafted":{"minecraft:oak_planks":808,"minecraft:blaze_powder":18,"minecraft:birch_boat":1,"minecraft:birch_slab":6,"minecraft:diamond_shovel":3,"minecraft:bookshelf":17,"minecraft:cooked_mutton":5,"minecraft:warped_planks":24,"minecraft:glass":4,"minecraft:iron_boots":1,"minecraft:diamond_helmet":2,"minecraft:bow":2,"minecraft:diamond_leggings":2,"minecraft:chest":3,"minecraft:ender_eye":17,"minecraft:glass_bottle":3,"minecraft:emerald":36,"minecraft:arrow":256,"minecraft:cooked_porkchop":9,"minecraft:diamond_axe":2,"minecraft:crafting_table":8,"minecraft:wooden_pickaxe":1,"minecraft:fletching_table":1,"minecraft:birch_planks":244,"minecraft:brewing_stand":1,"minecraft:lectern":1,"minecraft:iron_chestplate":1,"minecraft:book":50,"minecraft:paper":174,"minecraft:diamond_pickaxe":2,"minecraft:shield":4,"minecraft:stick":1312,"minecraft:iron_ingot":18,"minecraft:iron_pickaxe":4,"minecraft:gold_ingot":9,"minecraft:leather_boots":1,"minecraft:furnace":2,"minecraft:flint_and_steel":1,"minecraft:polished_deepslate":340,"minecraft:iron_axe":1,"minecraft:stone_pickaxe":3,"minecraft:diamond_boots":2,"minecraft:dark_oak_planks":12,"minecraft:wheat":99,"minecraft:cooked_beef":33,"minecraft:sugar":1,"minecraft:diamond_sword":2,"minecraft:enchanting_table":1,"minecraft:iron_sword":2,"minecraft:bucket":1,"minecraft:stone_axe":2,"minecraft:bread":136,"minecraft:air":0,"minecraft:oak_boat":2,"minecraft:golden_apple":1,"minecraft:fermented_spider_eye":1,"minecraft:iron_shovel":1,"minecraft:white_bed":1,"minecraft:torch":156,"minecraft:diamond_chestplate":2},"minecraft:custom":{"minecraft:interact_with_crafting_table":111,"minecraft:leave_game":13,"minecraft:time_since_death":184895,"minecraft:sprint_one_cm":1009933,"minecraft:damage_blocked_by_shield":6340,"minecraft:drop":110,"minecraft:talked_to_villager":98,"minecraft:play_time":668567,"minecraft:deaths":4,"minecraft:jump":9786,"minecraft:interact_with_brewingstand":9,"minecraft:walk_on_water_one_cm":95302,"minecraft:enchant_item":1,"minecraft:interact_with_furnace":57,"minecraft:traded_with_villager":70,"minecraft:sleep_in_bed":38,"minecraft:damage_dealt":48310,"minecraft:crouch_one_cm":20433,"minecraft:horse_one_cm":4461937,"minecraft:mob_kills":265,"minecraft:climb_one_cm":4158,"minecraft:walk_one_cm":2006677,"minecraft:sneak_time":8478,"minecraft:walk_under_water_one_cm":67764,"minecraft:boat_one_cm":191417,"minecraft:total_world_time":668567,"minecraft:raid_trigger":1,"minecraft:time_since_rest":7416,"minecraft:damage_taken":7757,"minecraft:swim_one_cm":108719,"minecraft:fly_one_cm":1962463,"minecraft:open_chest":209,"minecraft:fall_one_cm":190803},"minecraft:killed":{"minecraft:witch":4,"minecraft:spider":9,"minecraft:skeleton":18,"minecraft:silverfish":1,"minecraft:magma_cube":23,"minecraft:pig":4,"minecraft:iron_golem":9,"minecraft:creeper":10,"minecraft:sheep":9,"minecraft:trader_llama":2,"minecraft:pillager":13,"minecraft:zombie":31,"minecraft:ghast":1,"minecraft:cow":58,"minecraft:blaze":20,"minecraft:vex":1,"minecraft:vindicator":3,"minecraft:horse":2,"minecraft:drowned":1,"minecraft:wandering_trader":1,"minecraft:wither_skeleton":15,"minecraft:enderman":24},"minecraft:mined":{"minecraft:white_bed":9,"minecraft:cobblestone_stairs":4,"minecraft:brewing_stand":1,"minecraft:obsidian":14,"minecraft:granite":11,"minecraft:grass_block":727,"minecraft:composter":8,"minecraft:oxeye_daisy":1,"minecraft:spawner":2,"minecraft:iron_ore":2,"minecraft:cobbled_deepslate":10,"minecraft:fire":10,"minecraft:pumpkin":5,"minecraft:fletching_table":3,"minecraft:azure_bluet":1,"minecraft:twisting_vines":5,"minecraft:water_cauldron":1,"minecraft:dirt_path":200,"minecraft:oak_stairs":1,"minecraft:deepslate_redstone_ore":9,"minecraft:brown_mushroom":6,"minecraft:blackstone":27,"minecraft:twisting_vines_plant":7,"minecraft:torch":8,"minecraft:poppy":4,"minecraft:chest":6,"minecraft:nether_quartz_ore":5,"minecraft:cobblestone":168,"minecraft:sugar_cane":140,"minecraft:oak_planks":60,"minecraft:iron_door":1,"minecraft:wall_torch":15,"minecraft:seagrass":1,"minecraft:white_terracotta":1,"minecraft:warped_nylium":15,"minecraft:warped_planks":1,"minecraft:birch_log":62,"minecraft:wheat":8,"minecraft:stone_brick_stairs":1,"minecraft:grass":468,"minecraft:oak_log":175,"minecraft:sand":86,"minecraft:dirt":461,"minecraft:netherrack":64,"minecraft:oak_leaves":31,"minecraft:deepslate":567,"minecraft:tuff":70,"minecraft:mossy_cobblestone":10,"minecraft:deepslate_diamond_ore":98,"minecraft:oak_door":2,"minecraft:nether_bricks":18,"minecraft:crimson_roots":1,"minecraft:redstone_wire":8,"minecraft:sandstone":1,"minecraft:hay_block":11,"minecraft:oak_trapdoor":6,"minecraft:furnace":4,"minecraft:nether_sprouts":3,"minecraft:andesite":4,"minecraft:gold_block":1,"minecraft:nether_brick_fence":1,"minecraft:polished_deepslate":5,"minecraft:bookshelf":50,"minecraft:potatoes":1,"minecraft:deepslate_iron_ore":10,"minecraft:warped_stem":6,"minecraft:stripped_oak_log":7,"minecraft:stone":239,"minecraft:glass_pane":10,"minecraft:basalt":67,"minecraft:dandelion":9,"minecraft:oak_fence":1,"minecraft:crafting_table":17,"minecraft:cornflower":2,"minecraft:warped_roots":13,"minecraft:lectern":57,"minecraft:tall_grass":32,"minecraft:lapis_ore":4,"minecraft:deepslate_gold_ore":1,"minecraft:warped_wart_block":5,"minecraft:birch_planks":2,"minecraft:birch_leaves":24,"minecraft:yellow_bed":1,"minecraft:coal_ore":61,"minecraft:gravel":52,"minecraft:cobweb":13,"minecraft:cracked_stone_bricks":3,"minecraft:stone_bricks":1,"minecraft:mossy_stone_bricks":5},"minecraft:broken":{"minecraft:iron_shovel":1,"minecraft:stone_axe":1,"minecraft:shield":1,"minecraft:iron_pickaxe":1},"minecraft:dropped":{"minecraft:iron_sword":1,"minecraft:lapis_lazuli":21,"minecraft:warped_fungus":1,"minecraft:cooked_beef":3,"minecraft:warped_roots":7,"minecraft:dirt":63,"minecraft:cornflower":4,"minecraft:crimson_roots":1,"minecraft:sand":64,"minecraft:iron_pickaxe":1,"minecraft:gold_ingot":2,"minecraft:gravel":17,"minecraft:stone_axe":1,"minecraft:twisting_vines":4,"minecraft:wheat":9,"minecraft:rotten_flesh":25,"minecraft:diamond_shovel":2,"minecraft:nether_brick_fence":1,"minecraft:azure_bluet":4,"minecraft:warped_planks":1,"minecraft:eye_armor_trim_smithing_template":2,"minecraft:poppy":33,"minecraft:leather_boots":1,"minecraft:basalt":1,"minecraft:glass":1,"minecraft:splash_potion":1,"minecraft:netherrack":8,"minecraft:egg":1,"minecraft:iron_ingot":12,"minecraft:bread":1,"minecraft:wheat_seeds":58,"minecraft:mossy_cobblestone":1,"minecraft:diamond_leggings":1,"minecraft:book":157,"minecraft:cobblestone":11,"minecraft:granite":7,"minecraft:stick":5,"minecraft:oxeye_daisy":4,"minecraft:diamond_helmet":1,"minecraft:oak_stairs":1,"minecraft:iron_axe":1,"minecraft:dandelion":68,"minecraft:warped_nylium":5,"minecraft:oak_trapdoor":6,"minecraft:stone_shovel":2,"minecraft:iron_boots":1,"minecraft:nether_bricks":10,"minecraft:diamond_sword":2,"minecraft:potato":19,"minecraft:shield":1,"minecraft:diamond_chestplate":1,"minecraft:diamond_pickaxe":1,"minecraft:mossy_stone_bricks":4,"minecraft:golden_leggings":1,"minecraft:oak_boat":1,"minecraft:diamond_boots":1,"minecraft:sandstone":2,"minecraft:stone_pickaxe":3}},"DataVersion":3465}