{"stats":{"minecraft:custom":{"minecraft:mob_kills":46,"minecraft:interact_with_crafting_table":29,"minecraft:leave_game":5,"minecraft:time_since_death":127934,"minecraft:climb_one_cm":296,"minecraft:sprint_one_cm":212552,"minecraft:walk_one_cm":653133,"minecraft:damage_blocked_by_shield":1170,"minecraft:drop":15,"minecraft:talked_to_villager":7,"minecraft:play_time":169100,"minecraft:deaths":1,"minecraft:sneak_time":1398,"minecraft:walk_under_water_one_cm":15292,"minecraft:jump":2478,"minecraft:walk_on_water_one_cm":36881,"minecraft:total_world_time":169100,"minecraft:interact_with_furnace":24,"minecraft:traded_with_villager":11,"minecraft:sleep_in_bed":11,"minecraft:time_since_rest":17946,"minecraft:damage_taken":1380,"minecraft:damage_dealt":10841,"minecraft:swim_one_cm":41440,"minecraft:fly_one_cm":394411,"minecraft:open_chest":19,"minecraft:crouch_one_cm":3039,"minecraft:fall_one_cm":49111,"minecraft:horse_one_cm":65444},"minecraft:broken":{"minecraft:iron_shovel":1,"minecraft:stone_axe":1,"minecraft:iron_pickaxe":1},"minecraft:crafted":{"minecraft:oak_planks":204,"minecraft:furnace":2,"minecraft:diamond_shovel":1,"minecraft:cooked_mutton":1,"minecraft:bow":1,"minecraft:iron_boots":1,"minecraft:iron_axe":1,"minecraft:stone_pickaxe":2,"minecraft:wheat":99,"minecraft:arrow":32,"minecraft:emerald":8,"minecraft:cooked_porkchop":9,"minecraft:crafting_table":3,"minecraft:wooden_pickaxe":1,"minecraft:iron_sword":1,"minecraft:fletching_table":1,"minecraft:bucket":1,"minecraft:stone_axe":1,"minecraft:bread":33,"minecraft:air":0,"minecraft:iron_chestplate":1,"minecraft:shield":2,"minecraft:stick":320,"minecraft:iron_ingot":13,"minecraft:iron_pickaxe":2,"minecraft:iron_shovel":1,"minecraft:white_bed":1,"minecraft:torch":140},"minecraft:killed":{"minecraft:spider":2,"minecraft:skeleton":9,"minecraft:pig":4,"minecraft:iron_golem":4,"minecraft:creeper":1,"minecraft:sheep":9,"minecraft:zombie":13,"minecraft:cow":4},"minecraft:mined":{"minecraft:tuff":5,"minecraft:white_bed":2,"minecraft:deepslate_diamond_ore":1,"minecraft:grass_block":690,"minecraft:oxeye_daisy":1,"minecraft:sandstone":1,"minecraft:hay_block":11,"minecraft:oak_trapdoor":6,"minecraft:furnace":2,"minecraft:iron_ore":2,"minecraft:cobbled_deepslate":4,"minecraft:pumpkin":5,"minecraft:fletching_table":1,"minecraft:azure_bluet":1,"minecraft:deepslate_iron_ore":6,"minecraft:dirt_path":197,"minecraft:oak_stairs":1,"minecraft:stone":36,"minecraft:deepslate_redstone_ore":9,"minecraft:dandelion":9,"minecraft:crafting_table":11,"minecraft:cornflower":2,"minecraft:torch":6,"minecraft:poppy":4,"minecraft:chest":1,"minecraft:tall_grass":15,"minecraft:cobblestone":26,"minecraft:lapis_ore":4,"minecraft:deepslate_gold_ore":1,"minecraft:sugar_cane":14,"minecraft:oak_planks":28,"minecraft:grass":376,"minecraft:oak_log":29,"minecraft:coal_ore":44,"minecraft:gravel":51,"minecraft:sand":86,"minecraft:dirt":373,"minecraft:deepslate":144},"minecraft:killed_by":{"minecraft:zombie":1},"minecraft:dropped":{"minecraft:iron_ingot":6,"minecraft:bread":1,"minecraft:oak_stairs":1,"minecraft:iron_pickaxe":1,"minecraft:gravel":17,"minecraft:rotten_flesh":24,"minecraft:diamond_shovel":1,"minecraft:azure_bluet":1,"minecraft:potato":2,"minecraft:shield":1,"minecraft:stone_pickaxe":1},"minecraft:used":{"minecraft:iron_shovel":256,"minecraft:chest":1,"minecraft:shield":35,"minecraft:iron_sword":111,"minecraft:torch":142,"minecraft:dirt":538,"minecraft:iron_axe":109,"minecraft:iron_boots":1,"minecraft:bow":2,"minecraft:furnace":3,"minecraft:cobbled_deepslate":14,"minecraft:pumpkin":5,"minecraft:cooked_mutton":1,"minecraft:water_bucket":3,"minecraft:stone_pickaxe":71,"minecraft:wooden_pickaxe":14,"minecraft:fletching_table":2,"minecraft:sugar_cane":22,"minecraft:crafting_table":13,"minecraft:white_bed":3,"minecraft:diamond_shovel":1677,"minecraft:bread":28,"minecraft:iron_pickaxe":262,"minecraft:stone_axe":98,"minecraft:cobblestone":26,"minecraft:cooked_porkchop":1,"minecraft:bucket":4},"minecraft:picked_up":{"minecraft:crafting_table":12,"minecraft:azure_bluet":2,"minecraft:wooden_pickaxe":1,"minecraft:oak_stairs":1,"minecraft:shield":1,"minecraft:cornflower":4,"minecraft:oak_trapdoor":6,"minecraft:string":4,"minecraft:iron_axe":1,"minecraft:cobbled_deepslate":129,"minecraft:beef":8,"minecraft:poppy":15,"minecraft:iron_pickaxe":1,"minecraft:chest":2,"minecraft:sugar_cane":22,"minecraft:iron_boots":1,"minecraft:furnace":2,"minecraft:stick":3,"minecraft:raw_iron":15,"minecraft:sandstone":1,"minecraft:torch":13,"minecraft:porkchop":9,"minecraft:redstone":44,"minecraft:rotten_flesh":27,"minecraft:arrow":8,"minecraft:hay_block":11,"minecraft:mutton":38,"minecraft:cobblestone":68,"minecraft:white_wool":15,"minecraft:oxeye_daisy":2,"minecraft:glow_ink_sac":10,"minecraft:leather":12,"minecraft:potato":3,"minecraft:flint":5,"minecraft:oak_log":51,"minecraft:gunpowder":2,"minecraft:paper":4,"minecraft:lapis_lazuli":23,"minecraft:map":4,"minecraft:dirt":1205,"minecraft:cooked_mutton":7,"minecraft:bone":16,"minecraft:wheat_seeds":61,"minecraft:raw_gold":1,"minecraft:stone_pickaxe":1,"minecraft:iron_ingot":24,"minecraft:fletching_table":1,"minecraft:oak_planks":86,"minecraft:cooked_porkchop":9,"minecraft:pumpkin":5,"minecraft:dandelion":17,"minecraft:gravel":64,"minecraft:sand":85,"minecraft:white_bed":2,"minecraft:spider_eye":2,"minecraft:diamond":2,"minecraft:bread":24,"minecraft:oak_sapling":2,"minecraft:coal":44}},"DataVersion":3465}