{"stats":{"minecraft:picked_up":{"minecraft:crafting_table":14,"minecraft:iron_chestplate":1,"minecraft:wheat":18,"minecraft:azure_bluet":3,"minecraft:nether_wart":40,"minecraft:diamond_sword":2,"minecraft:wooden_pickaxe":1,"minecraft:oak_stairs":1,"minecraft:gold_block":2,"minecraft:shield":3,"minecraft:golden_sword":2,"minecraft:polished_deepslate":1,"minecraft:cornflower":8,"minecraft:string":15,"minecraft:oak_trapdoor":6,"minecraft:iron_axe":2,"minecraft:flint_and_steel":6,"minecraft:blackstone":23,"minecraft:diamond_leggings":2,"minecraft:cobbled_deepslate":468,"minecraft:beef":36,"minecraft:oak_boat":2,"minecraft:poppy":41,"minecraft:iron_pickaxe":1,"minecraft:sugar_cane":102,"minecraft:chest":6,"minecraft:furnace":3,"minecraft:iron_boots":2,"minecraft:egg":2,"minecraft:stick":32,"minecraft:raw_iron":19,"minecraft:sandstone":3,"minecraft:oak_door":1,"minecraft:composter":8,"minecraft:torch":17,"minecraft:porkchop":9,"minecraft:redstone":52,"minecraft:goat_horn":2,"minecraft:diamond_chestplate":1,"minecraft:arrow":17,"minecraft:stone_shovel":2,"minecraft:rotten_flesh":37,"minecraft:nether_bricks":2,"minecraft:diamond_boots":2,"minecraft:hay_block":11,"minecraft:saddle":1,"minecraft:totem_of_undying":1,"minecraft:glistering_melon_slice":24,"minecraft:obsidian":18,"minecraft:mutton":38,"minecraft:white_wool":15,"minecraft:cobblestone":118,"minecraft:oxeye_daisy":4,"minecraft:stripped_oak_log":4,"minecraft:birch_log":54,"minecraft:cooked_beef":5,"minecraft:basalt":57,"minecraft:magma_cream":2,"minecraft:tripwire_hook":6,"minecraft:glow_ink_sac":10,"minecraft:leather":34,"minecraft:golden_leggings":2,"minecraft:potato":3,"minecraft:birch_planks":1,"minecraft:flint":27,"minecraft:tuff":4,"minecraft:oak_log":132,"minecraft:gunpowder":10,"minecraft:lapis_lazuli":23,"minecraft:map":4,"minecraft:dirt":1259,"minecraft:paper":4,"minecraft:white_banner":9,"minecraft:cooked_mutton":7,"minecraft:bone":25,"minecraft:bow":2,"minecraft:wheat_seeds":68,"minecraft:raw_gold":1,"minecraft:iron_ingot":35,"minecraft:stone_pickaxe":3,"minecraft:fletching_table":1,"minecraft:diamond_helmet":2,"minecraft:glowstone_dust":1,"minecraft:oak_planks":108,"minecraft:cooked_porkchop":9,"minecraft:birch_boat":4,"minecraft:pumpkin":5,"minecraft:dandelion":85,"minecraft:gravel":65,"minecraft:sand":85,"minecraft:white_bed":5,"minecraft:grass_block":1,"minecraft:dark_oak_log":6,"minecraft:spider_eye":7,"minecraft:diamond_shovel":1,"minecraft:diamond":73,"minecraft:stone_axe":1,"minecraft:crossbow":4,"minecraft:granite":6,"minecraft:diamond_axe":2,"minecraft:emerald":4,"minecraft:bread":111,"minecraft:oak_sapling":2,"minecraft:coal":61,"minecraft:diamond_pickaxe":2},"minecraft:used":{"minecraft:enchanting_table":1,"minecraft:iron_shovel":256,"minecraft:polished_deepslate":144,"minecraft:flint_and_steel":24,"minecraft:chest":4,"minecraft:shield":72,"minecraft:iron_sword":134,"minecraft:iron_chestplate":1,"minecraft:torch":166,"minecraft:dirt":597,"minecraft:diamond_helmet":1,"minecraft:obsidian":10,"minecraft:lava_bucket":1,"minecraft:bookshelf":2,"minecraft:iron_axe":125,"minecraft:grass_block":1,"minecraft:iron_boots":1,"minecraft:basalt":48,"minecraft:bow":27,"minecraft:beef":1,"minecraft:furnace":5,"minecraft:cooked_beef":6,"minecraft:cobbled_deepslate":58,"minecraft:pumpkin":5,"minecraft:cooked_mutton":9,"minecraft:water_bucket":19,"minecraft:diamond_boots":2,"minecraft:birch_planks":17,"minecraft:stone_pickaxe":71,"minecraft:sugar_cane":75,"minecraft:blackstone":11,"minecraft:wooden_pickaxe":14,"minecraft:birch_boat":4,"minecraft:diamond_axe":200,"minecraft:composter":4,"minecraft:fletching_table":2,"minecraft:crafting_table":19,"minecraft:white_bed":6,"minecraft:oak_log":1,"minecraft:diamond_pickaxe":681,"minecraft:diamond_shovel":1690,"minecraft:bread":66,"minecraft:iron_pickaxe":289,"minecraft:gravel":1,"minecraft:stone_axe":98,"minecraft:diamond_sword":260,"minecraft:cobblestone":26,"minecraft:cooked_porkchop":1,"minecraft:bucket":21,"minecraft:diamond_leggings":1},"minecraft:killed_by":{"minecraft:vindicator":1,"minecraft:witch":1,"minecraft:zombie":1},"minecraft:crafted":{"minecraft:oak_planks":372,"minecraft:leather_boots":1,"minecraft:birch_boat":1,"minecraft:furnace":2,"minecraft:diamond_shovel":2,"minecraft:bookshelf":2,"minecraft:cooked_mutton":5,"minecraft:flint_and_steel":1,"minecraft:diamond_helmet":1,"minecraft:bow":2,"minecraft:diamond_leggings":1,"minecraft:iron_boots":1,"minecraft:polished_deepslate":60,"minecraft:iron_axe":1,"minecraft:stone_pickaxe":3,"minecraft:chest":3,"minecraft:diamond_boots":1,"minecraft:wheat":99,"minecraft:cooked_beef":9,"minecraft:diamond_sword":1,"minecraft:arrow":64,"minecraft:emerald":22,"minecraft:cooked_porkchop":9,"minecraft:diamond_axe":1,"minecraft:crafting_table":6,"minecraft:enchanting_table":1,"minecraft:wooden_pickaxe":1,"minecraft:iron_sword":2,"minecraft:fletching_table":1,"minecraft:bucket":1,"minecraft:birch_planks":176,"minecraft:stone_axe":2,"minecraft:bread":99,"minecraft:air":0,"minecraft:iron_chestplate":1,"minecraft:book":8,"minecraft:paper":27,"minecraft:diamond_pickaxe":1,"minecraft:shield":3,"minecraft:stick":780,"minecraft:iron_ingot":18,"minecraft:iron_pickaxe":3,"minecraft:iron_shovel":1,"minecraft:white_bed":1,"minecraft:torch":156,"minecraft:diamond_chestplate":1},"minecraft:custom":{"minecraft:mob_kills":134,"minecraft:interact_with_crafting_table":68,"minecraft:leave_game":11,"minecraft:time_since_death":1260,"minecraft:climb_one_cm":296,"minecraft:sprint_one_cm":577166,"minecraft:walk_one_cm":1134923,"minecraft:damage_blocked_by_shield":3370,"minecraft:drop":54,"minecraft:talked_to_villager":19,"minecraft:play_time":377843,"minecraft:sneak_time":6711,"minecraft:deaths":3,"minecraft:walk_under_water_one_cm":38582,"minecraft:boat_one_cm":82735,"minecraft:jump":5993,"minecraft:walk_on_water_one_cm":72969,"minecraft:total_world_time":377843,"minecraft:interact_with_furnace":35,"minecraft:traded_with_villager":39,"minecraft:raid_trigger":1,"minecraft:sleep_in_bed":20,"minecraft:time_since_rest":1298,"minecraft:damage_taken":4491,"minecraft:damage_dealt":26409,"minecraft:swim_one_cm":89112,"minecraft:fly_one_cm":1233808,"minecraft:open_chest":59,"minecraft:crouch_one_cm":16084,"minecraft:fall_one_cm":110851,"minecraft:horse_one_cm":1680153},"minecraft:killed":{"minecraft:witch":4,"minecraft:vindicator":3,"minecraft:spider":8,"minecraft:skeleton":14,"minecraft:drowned":1,"minecraft:magma_cube":14,"minecraft:pig":4,"minecraft:iron_golem":7,"minecraft:creeper":5,"minecraft:sheep":9,"minecraft:pillager":13,"minecraft:zombie":23,"minecraft:wither_skeleton":6,"minecraft:enderman":1,"minecraft:blaze":1,"minecraft:cow":17},"minecraft:mined":{"minecraft:tuff":60,"minecraft:white_bed":4,"minecraft:deepslate_diamond_ore":62,"minecraft:obsidian":14,"minecraft:granite":4,"minecraft:grass_block":700,"minecraft:redstone_wire":8,"minecraft:composter":6,"minecraft:oxeye_daisy":1,"minecraft:sandstone":1,"minecraft:hay_block":11,"minecraft:oak_trapdoor":6,"minecraft:furnace":3,"minecraft:iron_ore":2,"minecraft:fire":8,"minecraft:cobbled_deepslate":10,"minecraft:pumpkin":5,"minecraft:fletching_table":1,"minecraft:azure_bluet":1,"minecraft:gold_block":1,"minecraft:polished_deepslate":1,"minecraft:dirt_path":197,"minecraft:deepslate_iron_ore":10,"minecraft:oak_stairs":1,"minecraft:stripped_oak_log":4,"minecraft:stone":38,"minecraft:deepslate_redstone_ore":9,"minecraft:blackstone":27,"minecraft:basalt":63,"minecraft:dandelion":9,"minecraft:cornflower":2,"minecraft:torch":6,"minecraft:crafting_table":15,"minecraft:poppy":4,"minecraft:chest":3,"minecraft:tall_grass":23,"minecraft:cobblestone":71,"minecraft:deepslate_gold_ore":1,"minecraft:lapis_ore":4,"minecraft:oak_planks":30,"minecraft:sugar_cane":82,"minecraft:wall_torch":3,"minecraft:birch_planks":1,"minecraft:birch_log":50,"minecraft:birch_leaves":1,"minecraft:grass":448,"minecraft:oak_log":88,"minecraft:coal_ore":61,"minecraft:gravel":52,"minecraft:sand":86,"minecraft:dirt":386,"minecraft:deepslate":538,"minecraft:oak_leaves":17},"minecraft:broken":{"minecraft:iron_shovel":1,"minecraft:shield":1,"minecraft:stone_axe":1,"minecraft:iron_pickaxe":1},"minecraft:dropped":{"minecraft:iron_ingot":12,"minecraft:bread":1,"minecraft:iron_sword":1,"minecraft:wheat_seeds":58,"minecraft:cooked_beef":3,"minecraft:stick":4,"minecraft:oxeye_daisy":4,"minecraft:cornflower":4,"minecraft:oak_stairs":1,"minecraft:sand":64,"minecraft:iron_axe":1,"minecraft:iron_pickaxe":1,"minecraft:dandelion":68,"minecraft:gravel":17,"minecraft:stone_axe":1,"minecraft:oak_trapdoor":6,"minecraft:stone_shovel":2,"minecraft:rotten_flesh":24,"minecraft:iron_boots":1,"minecraft:diamond_shovel":1,"minecraft:azure_bluet":3,"minecraft:poppy":33,"minecraft:potato":2,"minecraft:shield":1,"minecraft:golden_leggings":1,"minecraft:leather_boots":1,"minecraft:sandstone":2,"minecraft:stone_pickaxe":3}},"DataVersion":3465}