{"stats":{"minecraft:picked_up":{"minecraft:crafting_table":16,"minecraft:iron_chestplate":1,"minecraft:wheat":18,"minecraft:azure_bluet":3,"minecraft:nether_wart":40,"minecraft:diamond_sword":2,"minecraft:wooden_pickaxe":2,"minecraft:oak_stairs":1,"minecraft:gold_block":2,"minecraft:shield":3,"minecraft:golden_sword":2,"minecraft:polished_deepslate":5,"minecraft:cornflower":8,"minecraft:string":25,"minecraft:oak_trapdoor":6,"minecraft:iron_axe":2,"minecraft:flint_and_steel":6,"minecraft:blackstone":23,"minecraft:diamond_leggings":2,"minecraft:cobbled_deepslate":587,"minecraft:beef":74,"minecraft:oak_boat":2,"minecraft:poppy":43,"minecraft:iron_pickaxe":1,"minecraft:sugar_cane":158,"minecraft:chest":8,"minecraft:furnace":4,"minecraft:iron_boots":2,"minecraft:egg":3,"minecraft:stick":32,"minecraft:raw_iron":19,"minecraft:sandstone":3,"minecraft:oak_door":2,"minecraft:composter":8,"minecraft:torch":23,"minecraft:porkchop":9,"minecraft:redstone":59,"minecraft:goat_horn":2,"minecraft:diamond_chestplate":1,"minecraft:arrow":22,"minecraft:stone_shovel":2,"minecraft:rotten_flesh":40,"minecraft:nether_bricks":2,"minecraft:diamond_boots":2,"minecraft:hay_block":11,"minecraft:saddle":1,"minecraft:totem_of_undying":1,"minecraft:glistering_melon_slice":24,"minecraft:obsidian":18,"minecraft:mutton":38,"minecraft:white_wool":21,"minecraft:cobblestone":225,"minecraft:oxeye_daisy":4,"minecraft:stripped_oak_log":4,"minecraft:birch_log":66,"minecraft:cooked_beef":5,"minecraft:basalt":57,"minecraft:magma_cream":2,"minecraft:tripwire_hook":6,"minecraft:glow_ink_sac":15,"minecraft:leather":51,"minecraft:golden_leggings":3,"minecraft:potato":3,"minecraft:birch_planks":44,"minecraft:cobblestone_stairs":4,"minecraft:flint":27,"minecraft:tuff":4,"minecraft:oak_log":162,"minecraft:gunpowder":28,"minecraft:lapis_lazuli":23,"minecraft:map":5,"minecraft:dirt":1728,"minecraft:paper":6,"minecraft:white_banner":9,"minecraft:cooked_mutton":7,"minecraft:bone":39,"minecraft:bow":3,"minecraft:wheat_seeds":74,"minecraft:raw_gold":1,"minecraft:iron_ingot":42,"minecraft:stone_pickaxe":4,"minecraft:fletching_table":2,"minecraft:diamond_helmet":2,"minecraft:glowstone_dust":2,"minecraft:oak_planks":128,"minecraft:book":3,"minecraft:cooked_porkchop":9,"minecraft:birch_boat":4,"minecraft:pumpkin":5,"minecraft:dandelion":102,"minecraft:gravel":95,"minecraft:sand":106,"minecraft:white_bed":8,"minecraft:grass_block":1,"minecraft:dark_oak_log":6,"minecraft:spider_eye":9,"minecraft:mossy_cobblestone":9,"minecraft:diamond_shovel":1,"minecraft:diamond":73,"minecraft:stone_axe":2,"minecraft:crossbow":4,"minecraft:granite":6,"minecraft:diamond_axe":2,"minecraft:emerald":4,"minecraft:bread":111,"minecraft:oak_sapling":2,"minecraft:coal":61,"minecraft:diamond_pickaxe":2},"minecraft:used":{"minecraft:enchanting_table":1,"minecraft:iron_shovel":256,"minecraft:polished_deepslate":418,"minecraft:flint_and_steel":48,"minecraft:chest":6,"minecraft:shield":73,"minecraft:iron_sword":134,"minecraft:iron_chestplate":1,"minecraft:torch":191,"minecraft:dirt":657,"minecraft:diamond_helmet":1,"minecraft:obsidian":10,"minecraft:lava_bucket":1,"minecraft:villager_spawn_egg":9,"minecraft:bookshelf":6,"minecraft:oak_stairs":3,"minecraft:iron_axe":125,"minecraft:grass_block":1,"minecraft:iron_boots":1,"minecraft:basalt":48,"minecraft:bow":27,"minecraft:beef":1,"minecraft:furnace":6,"minecraft:cooked_beef":6,"minecraft:cobbled_deepslate":58,"minecraft:pumpkin":5,"minecraft:cooked_mutton":9,"minecraft:water_bucket":19,"minecraft:diamond_boots":2,"minecraft:oak_planks":361,"minecraft:birch_planks":17,"minecraft:stone_pickaxe":71,"minecraft:sugar_cane":75,"minecraft:blackstone":11,"minecraft:wooden_pickaxe":14,"minecraft:birch_boat":4,"minecraft:diamond_axe":301,"minecraft:composter":6,"minecraft:fletching_table":3,"minecraft:oak_slab":4,"minecraft:crafting_table":21,"minecraft:white_bed":22,"minecraft:oak_log":1,"minecraft:diamond_pickaxe":770,"minecraft:diamond_shovel":1718,"minecraft:bread":76,"minecraft:iron_pickaxe":289,"minecraft:gravel":1,"minecraft:stone_axe":98,"minecraft:diamond_sword":313,"minecraft:cobblestone":315,"minecraft:white_banner":5,"minecraft:cooked_porkchop":1,"minecraft:bucket":21,"minecraft:diamond_leggings":1},"minecraft:killed_by":{"minecraft:vindicator":1,"minecraft:witch":1,"minecraft:zombie":1},"minecraft:crafted":{"minecraft:oak_planks":552,"minecraft:leather_boots":1,"minecraft:birch_boat":1,"minecraft:furnace":2,"minecraft:diamond_shovel":2,"minecraft:bookshelf":9,"minecraft:cooked_mutton":5,"minecraft:flint_and_steel":1,"minecraft:diamond_helmet":1,"minecraft:bow":2,"minecraft:diamond_leggings":1,"minecraft:iron_boots":1,"minecraft:polished_deepslate":340,"minecraft:iron_axe":1,"minecraft:stone_pickaxe":3,"minecraft:chest":3,"minecraft:diamond_boots":1,"minecraft:wheat":99,"minecraft:cooked_beef":9,"minecraft:diamond_sword":1,"minecraft:arrow":64,"minecraft:emerald":22,"minecraft:cooked_porkchop":9,"minecraft:diamond_axe":1,"minecraft:crafting_table":7,"minecraft:enchanting_table":1,"minecraft:wooden_pickaxe":1,"minecraft:iron_sword":2,"minecraft:fletching_table":1,"minecraft:bucket":1,"minecraft:birch_planks":224,"minecraft:stone_axe":2,"minecraft:bread":99,"minecraft:air":0,"minecraft:iron_chestplate":1,"minecraft:book":26,"minecraft:paper":81,"minecraft:diamond_pickaxe":1,"minecraft:shield":3,"minecraft:stick":780,"minecraft:iron_ingot":18,"minecraft:iron_pickaxe":3,"minecraft:iron_shovel":1,"minecraft:white_bed":1,"minecraft:torch":156,"minecraft:diamond_chestplate":1},"minecraft:custom":{"minecraft:mob_kills":162,"minecraft:interact_with_crafting_table":79,"minecraft:leave_game":11,"minecraft:time_since_death":49260,"minecraft:climb_one_cm":296,"minecraft:sprint_one_cm":644863,"minecraft:walk_one_cm":1298835,"minecraft:damage_blocked_by_shield":3460,"minecraft:drop":55,"minecraft:talked_to_villager":20,"minecraft:play_time":425843,"minecraft:sneak_time":7195,"minecraft:deaths":3,"minecraft:walk_under_water_one_cm":46515,"minecraft:boat_one_cm":82735,"minecraft:jump":6402,"minecraft:walk_on_water_one_cm":76233,"minecraft:total_world_time":425843,"minecraft:interact_with_furnace":36,"minecraft:traded_with_villager":39,"minecraft:raid_trigger":1,"minecraft:sleep_in_bed":23,"minecraft:time_since_rest":16722,"minecraft:damage_taken":4662,"minecraft:damage_dealt":29984,"minecraft:swim_one_cm":89865,"minecraft:fly_one_cm":1351393,"minecraft:open_chest":87,"minecraft:crouch_one_cm":17814,"minecraft:fall_one_cm":116521,"minecraft:horse_one_cm":2359183},"minecraft:killed":{"minecraft:vex":1,"minecraft:witch":4,"minecraft:vindicator":3,"minecraft:spider":8,"minecraft:horse":2,"minecraft:skeleton":14,"minecraft:drowned":1,"minecraft:magma_cube":14,"minecraft:pig":4,"minecraft:iron_golem":7,"minecraft:creeper":7,"minecraft:sheep":9,"minecraft:pillager":13,"minecraft:zombie":26,"minecraft:wither_skeleton":6,"minecraft:enderman":1,"minecraft:blaze":1,"minecraft:cow":37},"minecraft:mined":{"minecraft:tuff":60,"minecraft:white_bed":6,"minecraft:mossy_cobblestone":9,"minecraft:deepslate_diamond_ore":62,"minecraft:oak_door":1,"minecraft:cobblestone_stairs":4,"minecraft:obsidian":14,"minecraft:granite":4,"minecraft:grass_block":710,"minecraft:redstone_wire":8,"minecraft:composter":6,"minecraft:oxeye_daisy":1,"minecraft:sandstone":1,"minecraft:hay_block":11,"minecraft:oak_trapdoor":6,"minecraft:furnace":4,"minecraft:iron_ore":2,"minecraft:fire":8,"minecraft:cobbled_deepslate":10,"minecraft:pumpkin":5,"minecraft:fletching_table":2,"minecraft:azure_bluet":1,"minecraft:gold_block":1,"minecraft:bookshelf":1,"minecraft:polished_deepslate":5,"minecraft:dirt_path":199,"minecraft:deepslate_iron_ore":10,"minecraft:oak_stairs":1,"minecraft:stripped_oak_log":4,"minecraft:stone":38,"minecraft:deepslate_redstone_ore":9,"minecraft:glass_pane":10,"minecraft:blackstone":27,"minecraft:basalt":63,"minecraft:dandelion":9,"minecraft:cornflower":2,"minecraft:torch":6,"minecraft:crafting_table":17,"minecraft:poppy":4,"minecraft:chest":4,"minecraft:tall_grass":25,"minecraft:cobblestone":138,"minecraft:deepslate_gold_ore":1,"minecraft:lapis_ore":4,"minecraft:oak_planks":50,"minecraft:sugar_cane":110,"minecraft:wall_torch":3,"minecraft:birch_planks":1,"minecraft:birch_log":62,"minecraft:birch_leaves":1,"minecraft:grass":448,"minecraft:oak_log":119,"minecraft:coal_ore":61,"minecraft:gravel":52,"minecraft:sand":86,"minecraft:dirt":387,"minecraft:deepslate":538,"minecraft:oak_leaves":17},"minecraft:broken":{"minecraft:iron_shovel":1,"minecraft:shield":1,"minecraft:stone_axe":1,"minecraft:iron_pickaxe":1},"minecraft:dropped":{"minecraft:iron_ingot":12,"minecraft:bread":1,"minecraft:iron_sword":1,"minecraft:wheat_seeds":58,"minecraft:cooked_beef":3,"minecraft:stick":4,"minecraft:oxeye_daisy":4,"minecraft:dirt":63,"minecraft:cornflower":4,"minecraft:oak_stairs":1,"minecraft:sand":64,"minecraft:iron_axe":1,"minecraft:iron_pickaxe":1,"minecraft:dandelion":68,"minecraft:gravel":17,"minecraft:stone_axe":1,"minecraft:oak_trapdoor":6,"minecraft:stone_shovel":2,"minecraft:rotten_flesh":24,"minecraft:iron_boots":1,"minecraft:diamond_shovel":1,"minecraft:azure_bluet":3,"minecraft:poppy":33,"minecraft:potato":2,"minecraft:shield":1,"minecraft:golden_leggings":1,"minecraft:leather_boots":1,"minecraft:sandstone":2,"minecraft:stone_pickaxe":3}},"DataVersion":3465}