{"stats":{"minecraft:picked_up":{"minecraft:iron_chestplate":2,"minecraft:wheat":36,"minecraft:nether_brick_fence":1,"minecraft:lead":2,"minecraft:diamond_sword":3,"minecraft:oak_stairs":1,"minecraft:stone_brick_stairs":1,"minecraft:brewing_stand":2,"minecraft:golden_sword":4,"minecraft:polished_deepslate":5,"minecraft:string":46,"minecraft:diamond_leggings":3,"minecraft:cobbled_deepslate":616,"minecraft:ender_eye":16,"minecraft:iron_pickaxe":1,"minecraft:furnace":4,"minecraft:iron_boots":2,"minecraft:stick":57,"minecraft:composter":10,"minecraft:torch":44,"minecraft:porkchop":9,"minecraft:warped_planks":1,"minecraft:cauldron":1,"minecraft:goat_horn":2,"minecraft:rotten_flesh":61,"minecraft:white_terracotta":1,"minecraft:blaze_rod":8,"minecraft:obsidian":22,"minecraft:blaze_powder":21,"minecraft:cobblestone":444,"minecraft:birch_log":66,"minecraft:cooked_beef":8,"minecraft:magma_cream":6,"minecraft:andesite":4,"minecraft:golden_leggings":4,"minecraft:potato":3,"minecraft:flint":40,"minecraft:tuff":18,"minecraft:map":5,"minecraft:lapis_lazuli":46,"minecraft:dirt":1878,"minecraft:twisting_vines":4,"minecraft:glass":2,"minecraft:bone":55,"minecraft:bow":6,"minecraft:wheat_seeds":76,"minecraft:raw_gold":2,"minecraft:mossy_stone_bricks":4,"minecraft:diamond_helmet":3,"minecraft:fletching_table":3,"minecraft:glowstone_dust":3,"minecraft:oak_planks":131,"minecraft:cooked_porkchop":9,"minecraft:sand":106,"minecraft:grass_block":1,"minecraft:dark_oak_log":9,"minecraft:mossy_cobblestone":21,"minecraft:diamond":134,"minecraft:crossbow":6,"minecraft:granite":16,"minecraft:emerald":6,"minecraft:bread":117,"minecraft:oak_sapling":2,"minecraft:netherrack":60,"minecraft:crimson_roots":1,"minecraft:diamond_pickaxe":3,"minecraft:crafting_table":16,"minecraft:azure_bluet":3,"minecraft:splash_potion":3,"minecraft:nether_wart":80,"minecraft:brown_mushroom":11,"minecraft:wooden_pickaxe":2,"minecraft:gold_block":2,"minecraft:shield":4,"minecraft:cornflower":8,"minecraft:oak_trapdoor":6,"minecraft:iron_axe":2,"minecraft:flint_and_steel":9,"minecraft:blackstone":35,"minecraft:beef":111,"minecraft:oak_boat":28,"minecraft:poppy":46,"minecraft:lectern":57,"minecraft:chest":10,"minecraft:sugar_cane":189,"minecraft:birch_sapling":2,"minecraft:egg":9,"minecraft:raw_iron":19,"minecraft:sandstone":3,"minecraft:oak_door":3,"minecraft:redstone":67,"minecraft:stone_shovel":2,"minecraft:arrow":82,"minecraft:diamond_chestplate":2,"minecraft:nether_bricks":13,"minecraft:diamond_boots":3,"minecraft:hay_block":11,"minecraft:totem_of_undying":2,"minecraft:glistering_melon_slice":36,"minecraft:saddle":2,"minecraft:gold_ingot":2,"minecraft:mutton":38,"minecraft:white_wool":21,"minecraft:oxeye_daisy":4,"minecraft:stripped_oak_log":4,"minecraft:basalt":70,"minecraft:tripwire_hook":9,"minecraft:glow_ink_sac":15,"minecraft:leather":81,"minecraft:birch_planks":87,"minecraft:oak_log":164,"minecraft:gunpowder":76,"minecraft:cobblestone_stairs":8,"minecraft:paper":21,"minecraft:white_banner":9,"minecraft:cooked_mutton":7,"minecraft:apple":5,"minecraft:warped_stem":6,"minecraft:iron_ingot":51,"minecraft:stone_pickaxe":4,"minecraft:book":147,"minecraft:warped_fungus":1,"minecraft:birch_boat":5,"minecraft:pumpkin":5,"minecraft:dandelion":102,"minecraft:gravel":95,"minecraft:white_bed":9,"minecraft:spider_eye":12,"minecraft:diamond_shovel":3,"minecraft:stone_axe":2,"minecraft:diamond_axe":3,"minecraft:warped_roots":16,"minecraft:warped_nylium":15,"minecraft:coal":73,"minecraft:ender_pearl":11},"minecraft:used":{"minecraft:iron_shovel":256,"minecraft:polished_deepslate":418,"minecraft:chest":8,"minecraft:white_terracotta":1,"minecraft:shield":114,"minecraft:iron_sword":134,"minecraft:iron_chestplate":1,"minecraft:tuff":6,"minecraft:obsidian":10,"minecraft:lava_bucket":1,"minecraft:villager_spawn_egg":9,"minecraft:grass_block":1,"minecraft:bow":67,"minecraft:furnace":6,"minecraft:diamond_boots":2,"minecraft:stone_pickaxe":71,"minecraft:oak_planks":362,"minecraft:blackstone":11,"minecraft:wooden_pickaxe":14,"minecraft:composter":8,"minecraft:diamond_axe":527,"minecraft:sugar_cane":75,"minecraft:bread":103,"minecraft:lectern":58,"minecraft:gravel":1,"minecraft:diamond_sword":490,"minecraft:oak_boat":25,"minecraft:enchanting_table":1,"minecraft:flint_and_steel":53,"minecraft:netherrack":4,"minecraft:torch":261,"minecraft:brewing_stand":2,"minecraft:dirt":832,"minecraft:diamond_helmet":1,"minecraft:bookshelf":16,"minecraft:iron_axe":125,"minecraft:oak_stairs":3,"minecraft:iron_boots":1,"minecraft:basalt":49,"minecraft:beef":1,"minecraft:cooked_beef":18,"minecraft:cobbled_deepslate":74,"minecraft:pumpkin":5,"minecraft:cooked_mutton":9,"minecraft:water_bucket":19,"minecraft:birch_planks":31,"minecraft:glass_bottle":3,"minecraft:birch_boat":4,"minecraft:fletching_table":4,"minecraft:warped_roots":3,"minecraft:oak_slab":4,"minecraft:crafting_table":22,"minecraft:white_bed":24,"minecraft:warped_planks":24,"minecraft:oak_log":1,"minecraft:ender_eye":22,"minecraft:diamond_pickaxe":1121,"minecraft:diamond_shovel":1807,"minecraft:iron_pickaxe":364,"minecraft:stone_axe":104,"minecraft:cobblestone":396,"minecraft:white_banner":5,"minecraft:cooked_porkchop":1,"minecraft:bucket":21,"minecraft:diamond_leggings":1,"minecraft:splash_potion":1},"minecraft:killed_by":{"minecraft:vindicator":1,"minecraft:witch":1,"minecraft:zombie":1,"minecraft:enderman":1},"minecraft:crafted":{"minecraft:oak_planks":584,"minecraft:blaze_powder":14,"minecraft:birch_boat":1,"minecraft:birch_slab":6,"minecraft:diamond_shovel":3,"minecraft:bookshelf":17,"minecraft:cooked_mutton":5,"minecraft:warped_planks":24,"minecraft:glass":4,"minecraft:iron_boots":1,"minecraft:diamond_helmet":2,"minecraft:bow":2,"minecraft:diamond_leggings":2,"minecraft:chest":3,"minecraft:ender_eye":11,"minecraft:glass_bottle":3,"minecraft:emerald":25,"minecraft:arrow":160,"minecraft:cooked_porkchop":9,"minecraft:diamond_axe":2,"minecraft:crafting_table":8,"minecraft:wooden_pickaxe":1,"minecraft:fletching_table":1,"minecraft:birch_planks":244,"minecraft:brewing_stand":1,"minecraft:lectern":1,"minecraft:iron_chestplate":1,"minecraft:book":50,"minecraft:paper":174,"minecraft:diamond_pickaxe":2,"minecraft:shield":4,"minecraft:stick":884,"minecraft:iron_ingot":18,"minecraft:iron_pickaxe":4,"minecraft:gold_ingot":9,"minecraft:leather_boots":1,"minecraft:furnace":2,"minecraft:flint_and_steel":1,"minecraft:polished_deepslate":340,"minecraft:iron_axe":1,"minecraft:stone_pickaxe":3,"minecraft:diamond_boots":2,"minecraft:dark_oak_planks":12,"minecraft:wheat":99,"minecraft:cooked_beef":18,"minecraft:sugar":1,"minecraft:diamond_sword":2,"minecraft:enchanting_table":1,"minecraft:iron_sword":2,"minecraft:bucket":1,"minecraft:stone_axe":2,"minecraft:bread":102,"minecraft:air":0,"minecraft:oak_boat":1,"minecraft:golden_apple":1,"minecraft:fermented_spider_eye":1,"minecraft:iron_shovel":1,"minecraft:white_bed":1,"minecraft:torch":156,"minecraft:diamond_chestplate":2},"minecraft:custom":{"minecraft:interact_with_crafting_table":108,"minecraft:leave_game":13,"minecraft:time_since_death":136895,"minecraft:sprint_one_cm":904255,"minecraft:damage_blocked_by_shield":5860,"minecraft:drop":106,"minecraft:talked_to_villager":94,"minecraft:play_time":620567,"minecraft:deaths":4,"minecraft:jump":8828,"minecraft:interact_with_brewingstand":8,"minecraft:walk_on_water_one_cm":91462,"minecraft:enchant_item":1,"minecraft:interact_with_furnace":51,"minecraft:traded_with_villager":48,"minecraft:sleep_in_bed":35,"minecraft:damage_dealt":44762,"minecraft:crouch_one_cm":19845,"minecraft:horse_one_cm":4408300,"minecraft:mob_kills":244,"minecraft:climb_one_cm":3600,"minecraft:walk_one_cm":1850182,"minecraft:sneak_time":8092,"minecraft:walk_under_water_one_cm":67764,"minecraft:boat_one_cm":108659,"minecraft:total_world_time":620567,"minecraft:raid_trigger":1,"minecraft:time_since_rest":9389,"minecraft:damage_taken":6956,"minecraft:swim_one_cm":108719,"minecraft:fly_one_cm":1780196,"minecraft:open_chest":177,"minecraft:fall_one_cm":164610},"minecraft:killed":{"minecraft:witch":4,"minecraft:spider":9,"minecraft:skeleton":17,"minecraft:silverfish":1,"minecraft:magma_cube":22,"minecraft:pig":4,"minecraft:iron_golem":8,"minecraft:creeper":10,"minecraft:sheep":9,"minecraft:trader_llama":2,"minecraft:pillager":13,"minecraft:zombie":29,"minecraft:ghast":1,"minecraft:cow":58,"minecraft:blaze":18,"minecraft:vex":1,"minecraft:vindicator":3,"minecraft:horse":2,"minecraft:drowned":1,"minecraft:wandering_trader":1,"minecraft:wither_skeleton":9,"minecraft:enderman":17},"minecraft:mined":{"minecraft:white_bed":7,"minecraft:cobblestone_stairs":4,"minecraft:brewing_stand":1,"minecraft:obsidian":14,"minecraft:granite":11,"minecraft:grass_block":724,"minecraft:composter":8,"minecraft:oxeye_daisy":1,"minecraft:spawner":2,"minecraft:iron_ore":2,"minecraft:cobbled_deepslate":10,"minecraft:fire":10,"minecraft:pumpkin":5,"minecraft:fletching_table":3,"minecraft:azure_bluet":1,"minecraft:twisting_vines":5,"minecraft:water_cauldron":1,"minecraft:dirt_path":200,"minecraft:oak_stairs":1,"minecraft:deepslate_redstone_ore":9,"minecraft:brown_mushroom":6,"minecraft:blackstone":27,"minecraft:twisting_vines_plant":6,"minecraft:torch":8,"minecraft:poppy":4,"minecraft:chest":6,"minecraft:nether_quartz_ore":5,"minecraft:cobblestone":168,"minecraft:sugar_cane":140,"minecraft:oak_planks":57,"minecraft:iron_door":1,"minecraft:wall_torch":15,"minecraft:white_terracotta":1,"minecraft:warped_nylium":9,"minecraft:warped_planks":1,"minecraft:birch_log":62,"minecraft:stone_brick_stairs":1,"minecraft:grass":467,"minecraft:oak_log":121,"minecraft:sand":86,"minecraft:dirt":447,"minecraft:netherrack":55,"minecraft:oak_leaves":31,"minecraft:deepslate":567,"minecraft:tuff":70,"minecraft:mossy_cobblestone":10,"minecraft:deepslate_diamond_ore":98,"minecraft:oak_door":2,"minecraft:nether_bricks":11,"minecraft:crimson_roots":1,"minecraft:redstone_wire":8,"minecraft:sandstone":1,"minecraft:hay_block":11,"minecraft:oak_trapdoor":6,"minecraft:furnace":4,"minecraft:nether_sprouts":2,"minecraft:andesite":4,"minecraft:gold_block":1,"minecraft:nether_brick_fence":1,"minecraft:polished_deepslate":5,"minecraft:bookshelf":50,"minecraft:deepslate_iron_ore":10,"minecraft:warped_stem":6,"minecraft:stripped_oak_log":4,"minecraft:stone":239,"minecraft:glass_pane":10,"minecraft:basalt":65,"minecraft:dandelion":9,"minecraft:oak_fence":1,"minecraft:crafting_table":17,"minecraft:cornflower":2,"minecraft:warped_roots":10,"minecraft:lectern":57,"minecraft:tall_grass":32,"minecraft:lapis_ore":4,"minecraft:deepslate_gold_ore":1,"minecraft:warped_wart_block":2,"minecraft:birch_planks":1,"minecraft:birch_leaves":24,"minecraft:coal_ore":61,"minecraft:gravel":52,"minecraft:cobweb":13,"minecraft:cracked_stone_bricks":3,"minecraft:stone_bricks":1,"minecraft:mossy_stone_bricks":5},"minecraft:broken":{"minecraft:iron_shovel":1,"minecraft:stone_axe":1,"minecraft:shield":1,"minecraft:iron_pickaxe":1},"minecraft:dropped":{"minecraft:iron_sword":1,"minecraft:lapis_lazuli":21,"minecraft:warped_fungus":1,"minecraft:cooked_beef":3,"minecraft:warped_roots":7,"minecraft:dirt":63,"minecraft:cornflower":4,"minecraft:crimson_roots":1,"minecraft:sand":64,"minecraft:iron_pickaxe":1,"minecraft:gold_ingot":2,"minecraft:gravel":17,"minecraft:stone_axe":1,"minecraft:twisting_vines":4,"minecraft:wheat":9,"minecraft:rotten_flesh":24,"minecraft:diamond_shovel":2,"minecraft:nether_brick_fence":1,"minecraft:azure_bluet":3,"minecraft:warped_planks":1,"minecraft:eye_armor_trim_smithing_template":2,"minecraft:poppy":33,"minecraft:leather_boots":1,"minecraft:basalt":1,"minecraft:glass":1,"minecraft:splash_potion":1,"minecraft:netherrack":8,"minecraft:egg":1,"minecraft:iron_ingot":12,"minecraft:bread":1,"minecraft:wheat_seeds":58,"minecraft:mossy_cobblestone":1,"minecraft:diamond_leggings":1,"minecraft:book":157,"minecraft:cobblestone":11,"minecraft:granite":7,"minecraft:stick":5,"minecraft:oxeye_daisy":4,"minecraft:diamond_helmet":1,"minecraft:oak_stairs":1,"minecraft:iron_axe":1,"minecraft:dandelion":68,"minecraft:warped_nylium":5,"minecraft:oak_trapdoor":6,"minecraft:stone_shovel":2,"minecraft:iron_boots":1,"minecraft:nether_bricks":10,"minecraft:diamond_sword":1,"minecraft:potato":2,"minecraft:shield":1,"minecraft:diamond_chestplate":1,"minecraft:diamond_pickaxe":1,"minecraft:mossy_stone_bricks":4,"minecraft:golden_leggings":1,"minecraft:oak_boat":1,"minecraft:diamond_boots":1,"minecraft:sandstone":2,"minecraft:stone_pickaxe":3}},"DataVersion":3465}