{"stats":{"minecraft:picked_up":{"minecraft:iron_chestplate":1,"minecraft:crafting_table":14,"minecraft:azure_bluet":3,"minecraft:nether_wart":40,"minecraft:diamond_sword":1,"minecraft:wooden_pickaxe":1,"minecraft:oak_stairs":1,"minecraft:shield":2,"minecraft:polished_deepslate":1,"minecraft:cornflower":8,"minecraft:string":15,"minecraft:oak_trapdoor":6,"minecraft:iron_axe":2,"minecraft:flint_and_steel":1,"minecraft:blackstone":23,"minecraft:diamond_leggings":1,"minecraft:cobbled_deepslate":468,"minecraft:beef":20,"minecraft:oak_boat":2,"minecraft:poppy":39,"minecraft:iron_pickaxe":1,"minecraft:sugar_cane":102,"minecraft:chest":2,"minecraft:egg":1,"minecraft:furnace":3,"minecraft:iron_boots":2,"minecraft:stick":24,"minecraft:raw_iron":19,"minecraft:sandstone":3,"minecraft:composter":4,"minecraft:torch":17,"minecraft:porkchop":9,"minecraft:redstone":52,"minecraft:stone_shovel":2,"minecraft:arrow":13,"minecraft:rotten_flesh":37,"minecraft:nether_bricks":2,"minecraft:diamond_boots":1,"minecraft:hay_block":11,"minecraft:obsidian":18,"minecraft:mutton":38,"minecraft:white_wool":15,"minecraft:cobblestone":116,"minecraft:oxeye_daisy":4,"minecraft:stripped_oak_log":4,"minecraft:birch_log":44,"minecraft:cooked_beef":5,"minecraft:basalt":57,"minecraft:magma_cream":2,"minecraft:glow_ink_sac":10,"minecraft:leather":23,"minecraft:potato":3,"minecraft:birch_planks":1,"minecraft:tuff":4,"minecraft:flint":5,"minecraft:oak_log":90,"minecraft:gunpowder":8,"minecraft:paper":4,"minecraft:lapis_lazuli":23,"minecraft:map":4,"minecraft:dirt":1248,"minecraft:cooked_mutton":7,"minecraft:bone":25,"minecraft:bow":1,"minecraft:wheat_seeds":68,"minecraft:raw_gold":1,"minecraft:iron_ingot":32,"minecraft:stone_pickaxe":3,"minecraft:diamond_helmet":1,"minecraft:fletching_table":1,"minecraft:oak_planks":108,"minecraft:cooked_porkchop":9,"minecraft:birch_boat":4,"minecraft:pumpkin":5,"minecraft:dandelion":85,"minecraft:gravel":65,"minecraft:sand":85,"minecraft:white_bed":5,"minecraft:grass_block":1,"minecraft:spider_eye":3,"minecraft:diamond":73,"minecraft:stone_axe":1,"minecraft:diamond_axe":1,"minecraft:granite":6,"minecraft:bread":76,"minecraft:oak_sapling":2,"minecraft:coal":61,"minecraft:diamond_pickaxe":1},"minecraft:used":{"minecraft:enchanting_table":1,"minecraft:iron_shovel":256,"minecraft:polished_deepslate":144,"minecraft:flint_and_steel":24,"minecraft:chest":4,"minecraft:shield":67,"minecraft:iron_sword":134,"minecraft:iron_chestplate":1,"minecraft:torch":166,"minecraft:dirt":586,"minecraft:diamond_helmet":1,"minecraft:obsidian":10,"minecraft:lava_bucket":1,"minecraft:bookshelf":2,"minecraft:grass_block":1,"minecraft:iron_axe":125,"minecraft:iron_boots":1,"minecraft:basalt":48,"minecraft:bow":27,"minecraft:beef":1,"minecraft:furnace":5,"minecraft:cooked_beef":6,"minecraft:cobbled_deepslate":58,"minecraft:pumpkin":5,"minecraft:cooked_mutton":9,"minecraft:water_bucket":19,"minecraft:diamond_boots":2,"minecraft:birch_planks":17,"minecraft:stone_pickaxe":71,"minecraft:composter":4,"minecraft:blackstone":11,"minecraft:birch_boat":4,"minecraft:wooden_pickaxe":14,"minecraft:sugar_cane":75,"minecraft:diamond_axe":132,"minecraft:fletching_table":2,"minecraft:crafting_table":19,"minecraft:white_bed":6,"minecraft:oak_log":1,"minecraft:diamond_pickaxe":679,"minecraft:diamond_shovel":1690,"minecraft:bread":53,"minecraft:iron_pickaxe":289,"minecraft:gravel":1,"minecraft:stone_axe":98,"minecraft:diamond_sword":200,"minecraft:cobblestone":26,"minecraft:cooked_porkchop":1,"minecraft:bucket":21,"minecraft:diamond_leggings":1},"minecraft:killed_by":{"minecraft:witch":1,"minecraft:zombie":1},"minecraft:crafted":{"minecraft:oak_planks":372,"minecraft:leather_boots":1,"minecraft:birch_boat":1,"minecraft:furnace":2,"minecraft:diamond_shovel":2,"minecraft:bookshelf":2,"minecraft:cooked_mutton":5,"minecraft:flint_and_steel":1,"minecraft:diamond_helmet":1,"minecraft:bow":2,"minecraft:diamond_leggings":1,"minecraft:iron_boots":1,"minecraft:polished_deepslate":60,"minecraft:iron_axe":1,"minecraft:stone_pickaxe":3,"minecraft:chest":3,"minecraft:diamond_boots":1,"minecraft:wheat":99,"minecraft:cooked_beef":9,"minecraft:diamond_sword":1,"minecraft:arrow":64,"minecraft:emerald":22,"minecraft:cooked_porkchop":9,"minecraft:diamond_axe":1,"minecraft:crafting_table":6,"minecraft:enchanting_table":1,"minecraft:wooden_pickaxe":1,"minecraft:iron_sword":2,"minecraft:fletching_table":1,"minecraft:birch_planks":176,"minecraft:bucket":1,"minecraft:stone_axe":2,"minecraft:bread":99,"minecraft:air":0,"minecraft:iron_chestplate":1,"minecraft:book":8,"minecraft:paper":27,"minecraft:diamond_pickaxe":1,"minecraft:shield":3,"minecraft:stick":780,"minecraft:iron_ingot":18,"minecraft:iron_pickaxe":3,"minecraft:iron_shovel":1,"minecraft:white_bed":1,"minecraft:torch":156,"minecraft:diamond_chestplate":1},"minecraft:custom":{"minecraft:mob_kills":108,"minecraft:interact_with_crafting_table":66,"minecraft:leave_game":10,"minecraft:time_since_death":21652,"minecraft:climb_one_cm":296,"minecraft:sprint_one_cm":526844,"minecraft:walk_one_cm":1082940,"minecraft:damage_blocked_by_shield":3030,"minecraft:drop":53,"minecraft:talked_to_villager":19,"minecraft:play_time":354002,"minecraft:sneak_time":6708,"minecraft:deaths":2,"minecraft:walk_under_water_one_cm":33426,"minecraft:boat_one_cm":82735,"minecraft:jump":5579,"minecraft:walk_on_water_one_cm":70635,"minecraft:total_world_time":354002,"minecraft:interact_with_furnace":35,"minecraft:traded_with_villager":39,"minecraft:sleep_in_bed":20,"minecraft:time_since_rest":3620,"minecraft:damage_taken":3401,"minecraft:damage_dealt":21038,"minecraft:swim_one_cm":88609,"minecraft:fly_one_cm":1154788,"minecraft:open_chest":58,"minecraft:crouch_one_cm":16084,"minecraft:fall_one_cm":103035,"minecraft:horse_one_cm":948225},"minecraft:killed":{"minecraft:witch":1,"minecraft:spider":8,"minecraft:skeleton":14,"minecraft:drowned":1,"minecraft:magma_cube":14,"minecraft:pig":4,"minecraft:iron_golem":7,"minecraft:creeper":5,"minecraft:sheep":9,"minecraft:zombie":23,"minecraft:wither_skeleton":6,"minecraft:enderman":1,"minecraft:cow":12,"minecraft:blaze":1},"minecraft:mined":{"minecraft:tuff":60,"minecraft:white_bed":4,"minecraft:deepslate_diamond_ore":62,"minecraft:obsidian":14,"minecraft:granite":4,"minecraft:grass_block":695,"minecraft:redstone_wire":8,"minecraft:composter":4,"minecraft:oxeye_daisy":1,"minecraft:sandstone":1,"minecraft:hay_block":11,"minecraft:oak_trapdoor":6,"minecraft:furnace":3,"minecraft:iron_ore":2,"minecraft:cobbled_deepslate":10,"minecraft:fire":8,"minecraft:pumpkin":5,"minecraft:fletching_table":1,"minecraft:azure_bluet":1,"minecraft:polished_deepslate":1,"minecraft:deepslate_iron_ore":10,"minecraft:dirt_path":197,"minecraft:oak_stairs":1,"minecraft:stripped_oak_log":4,"minecraft:stone":38,"minecraft:deepslate_redstone_ore":9,"minecraft:blackstone":27,"minecraft:basalt":63,"minecraft:dandelion":9,"minecraft:crafting_table":15,"minecraft:cornflower":2,"minecraft:torch":6,"minecraft:poppy":4,"minecraft:chest":1,"minecraft:tall_grass":20,"minecraft:cobblestone":70,"minecraft:lapis_ore":4,"minecraft:deepslate_gold_ore":1,"minecraft:sugar_cane":82,"minecraft:oak_planks":30,"minecraft:wall_torch":3,"minecraft:birch_planks":1,"minecraft:birch_log":45,"minecraft:birch_leaves":1,"minecraft:grass":444,"minecraft:oak_log":67,"minecraft:coal_ore":61,"minecraft:gravel":52,"minecraft:sand":86,"minecraft:dirt":379,"minecraft:oak_leaves":14,"minecraft:deepslate":538},"minecraft:broken":{"minecraft:iron_shovel":1,"minecraft:shield":1,"minecraft:stone_axe":1,"minecraft:iron_pickaxe":1},"minecraft:dropped":{"minecraft:iron_ingot":12,"minecraft:bread":1,"minecraft:iron_sword":1,"minecraft:wheat_seeds":58,"minecraft:cooked_beef":3,"minecraft:stick":4,"minecraft:oxeye_daisy":4,"minecraft:cornflower":4,"minecraft:oak_stairs":1,"minecraft:sand":64,"minecraft:iron_axe":1,"minecraft:iron_pickaxe":1,"minecraft:dandelion":68,"minecraft:gravel":17,"minecraft:stone_axe":1,"minecraft:oak_trapdoor":6,"minecraft:stone_shovel":2,"minecraft:rotten_flesh":24,"minecraft:iron_boots":1,"minecraft:diamond_shovel":1,"minecraft:azure_bluet":3,"minecraft:poppy":33,"minecraft:potato":2,"minecraft:shield":1,"minecraft:leather_boots":1,"minecraft:sandstone":2,"minecraft:stone_pickaxe":3}},"DataVersion":3465}