{"stats":{"minecraft:picked_up":{"minecraft:iron_chestplate":3,"minecraft:wheat":49,"minecraft:nether_brick_fence":1,"minecraft:lead":2,"minecraft:diamond_sword":7,"minecraft:oak_stairs":1,"minecraft:stone_brick_stairs":1,"minecraft:brewing_stand":2,"minecraft:golden_sword":4,"minecraft:polished_deepslate":5,"minecraft:string":46,"minecraft:diamond_leggings":6,"minecraft:cobbled_deepslate":616,"minecraft:bucket":1,"minecraft:ender_eye":16,"minecraft:iron_pickaxe":3,"minecraft:furnace":4,"minecraft:iron_boots":3,"minecraft:stick":157,"minecraft:composter":10,"minecraft:torch":48,"minecraft:porkchop":9,"minecraft:diorite":10,"minecraft:warped_planks":1,"minecraft:cauldron":1,"minecraft:goat_horn":2,"minecraft:stone_sword":1,"minecraft:rotten_flesh":63,"minecraft:white_terracotta":1,"minecraft:blaze_rod":10,"minecraft:obsidian":23,"minecraft:iron_bars":26,"minecraft:blaze_powder":21,"minecraft:cobblestone":488,"minecraft:birch_log":66,"minecraft:cooked_beef":53,"minecraft:feather":2,"minecraft:magma_cream":6,"minecraft:iron_door":7,"minecraft:water_bucket":1,"minecraft:andesite":23,"minecraft:golden_leggings":4,"minecraft:potato":20,"minecraft:flint":40,"minecraft:tuff":18,"minecraft:map":5,"minecraft:lapis_lazuli":46,"minecraft:dirt":1945,"minecraft:twisting_vines":5,"minecraft:glass":2,"minecraft:bone":67,"minecraft:bow":9,"minecraft:wheat_seeds":106,"minecraft:raw_gold":2,"minecraft:diamond_helmet":7,"minecraft:mossy_stone_bricks":4,"minecraft:fletching_table":3,"minecraft:glowstone_dust":3,"minecraft:oak_planks":150,"minecraft:cooked_porkchop":9,"minecraft:warped_wart_block":3,"minecraft:sand":106,"minecraft:grass_block":1,"minecraft:dark_oak_log":9,"minecraft:mossy_cobblestone":21,"minecraft:diamond":134,"minecraft:crossbow":6,"minecraft:granite":47,"minecraft:emerald":6,"minecraft:bread":180,"minecraft:oak_sapling":2,"minecraft:netherrack":75,"minecraft:crimson_roots":1,"minecraft:diamond_pickaxe":6,"minecraft:crafting_table":18,"minecraft:azure_bluet":4,"minecraft:splash_potion":3,"minecraft:chicken":2,"minecraft:nether_wart":80,"minecraft:brown_mushroom":11,"minecraft:wooden_pickaxe":2,"minecraft:gold_block":2,"minecraft:shield":7,"minecraft:cornflower":8,"minecraft:oak_trapdoor":6,"minecraft:iron_axe":2,"minecraft:flint_and_steel":9,"minecraft:blackstone":35,"minecraft:music_disc_otherside":2,"minecraft:beef":111,"minecraft:oak_boat":42,"minecraft:poppy":48,"minecraft:lectern":57,"minecraft:chest":10,"minecraft:sugar_cane":189,"minecraft:birch_sapling":2,"minecraft:egg":14,"minecraft:raw_iron":33,"minecraft:sandstone":3,"minecraft:end_stone":74,"minecraft:oak_door":4,"minecraft:redstone":67,"minecraft:stone_shovel":2,"minecraft:arrow":368,"minecraft:diamond_chestplate":6,"minecraft:nether_bricks":20,"minecraft:diamond_boots":7,"minecraft:hay_block":11,"minecraft:totem_of_undying":3,"minecraft:glistering_melon_slice":36,"minecraft:saddle":2,"minecraft:gold_ingot":2,"minecraft:mutton":38,"minecraft:white_wool":21,"minecraft:oxeye_daisy":4,"minecraft:stripped_oak_log":7,"minecraft:basalt":72,"minecraft:glow_ink_sac":15,"minecraft:tripwire_hook":9,"minecraft:leather":81,"minecraft:birch_planks":88,"minecraft:oak_log":219,"minecraft:gunpowder":77,"minecraft:cobblestone_stairs":8,"minecraft:paper":21,"minecraft:white_banner":9,"minecraft:cooked_mutton":7,"minecraft:apple":5,"minecraft:stone_bricks":5,"minecraft:warped_stem":6,"minecraft:iron_ingot":69,"minecraft:stone_pickaxe":4,"minecraft:book":147,"minecraft:warped_fungus":1,"minecraft:birch_boat":5,"minecraft:pumpkin":5,"minecraft:dandelion":102,"minecraft:gravel":95,"minecraft:white_bed":12,"minecraft:spider_eye":13,"minecraft:diamond_shovel":7,"minecraft:stone_axe":2,"minecraft:iron_helmet":1,"minecraft:diamond_axe":6,"minecraft:warped_roots":21,"minecraft:warped_nylium":19,"minecraft:coal":79,"minecraft:ender_pearl":56},"minecraft:used":{"minecraft:iron_shovel":256,"minecraft:polished_deepslate":418,"minecraft:chest":8,"minecraft:white_terracotta":1,"minecraft:shield":139,"minecraft:iron_sword":134,"minecraft:iron_chestplate":1,"minecraft:nether_bricks":7,"minecraft:tuff":6,"minecraft:obsidian":10,"minecraft:lava_bucket":1,"minecraft:villager_spawn_egg":9,"minecraft:grass_block":1,"minecraft:bow":131,"minecraft:furnace":6,"minecraft:egg":1,"minecraft:diamond_boots":2,"minecraft:stone_pickaxe":71,"minecraft:oak_planks":378,"minecraft:ender_pearl":10,"minecraft:blackstone":11,"minecraft:wooden_pickaxe":48,"minecraft:composter":8,"minecraft:diamond_axe":597,"minecraft:sugar_cane":75,"minecraft:end_stone":50,"minecraft:bread":137,"minecraft:lectern":58,"minecraft:iron_door":1,"minecraft:gravel":1,"minecraft:diamond_sword":713,"minecraft:oak_boat":37,"minecraft:enchanting_table":1,"minecraft:flint_and_steel":53,"minecraft:netherrack":4,"minecraft:torch":261,"minecraft:brewing_stand":2,"minecraft:dirt":919,"minecraft:diamond_helmet":1,"minecraft:bookshelf":16,"minecraft:iron_axe":125,"minecraft:oak_stairs":3,"minecraft:iron_boots":1,"minecraft:totem_of_undying":1,"minecraft:diamond_chestplate":1,"minecraft:basalt":49,"minecraft:beef":1,"minecraft:cooked_beef":54,"minecraft:cobbled_deepslate":74,"minecraft:pumpkin":5,"minecraft:wheat_seeds":25,"minecraft:cooked_mutton":9,"minecraft:water_bucket":77,"minecraft:birch_planks":31,"minecraft:glass_bottle":3,"minecraft:birch_boat":4,"minecraft:fletching_table":4,"minecraft:warped_roots":3,"minecraft:oak_slab":4,"minecraft:crafting_table":23,"minecraft:white_bed":27,"minecraft:warped_planks":24,"minecraft:oak_log":1,"minecraft:diamond_pickaxe":1266,"minecraft:ender_eye":28,"minecraft:apple":2,"minecraft:diamond_shovel":1842,"minecraft:iron_pickaxe":364,"minecraft:stone_axe":104,"minecraft:cobblestone":457,"minecraft:white_banner":5,"minecraft:cooked_porkchop":1,"minecraft:bucket":79,"minecraft:diamond_leggings":1,"minecraft:splash_potion":1},"minecraft:killed_by":{"minecraft:vindicator":1,"minecraft:witch":1,"minecraft:zombie":2,"minecraft:enderman":1,"minecraft:ender_dragon":1},"minecraft:crafted":{"minecraft:oak_planks":816,"minecraft:blaze_powder":18,"minecraft:birch_boat":1,"minecraft:birch_slab":6,"minecraft:diamond_shovel":3,"minecraft:bookshelf":17,"minecraft:cooked_mutton":5,"minecraft:warped_planks":24,"minecraft:glass":4,"minecraft:diamond_helmet":2,"minecraft:bow":2,"minecraft:diamond_leggings":2,"minecraft:iron_boots":1,"minecraft:chest":3,"minecraft:ender_eye":17,"minecraft:glass_bottle":3,"minecraft:emerald":36,"minecraft:arrow":256,"minecraft:cooked_porkchop":9,"minecraft:diamond_axe":2,"minecraft:crafting_table":9,"minecraft:wooden_pickaxe":2,"minecraft:fletching_table":1,"minecraft:birch_planks":244,"minecraft:brewing_stand":1,"minecraft:lectern":1,"minecraft:iron_chestplate":1,"minecraft:book":50,"minecraft:paper":174,"minecraft:diamond_pickaxe":2,"minecraft:shield":4,"minecraft:stick":1316,"minecraft:iron_ingot":18,"minecraft:iron_pickaxe":4,"minecraft:gold_ingot":9,"minecraft:leather_boots":1,"minecraft:furnace":2,"minecraft:flint_and_steel":1,"minecraft:polished_deepslate":340,"minecraft:iron_axe":1,"minecraft:stone_pickaxe":3,"minecraft:diamond_boots":2,"minecraft:dark_oak_planks":12,"minecraft:wheat":99,"minecraft:cooked_beef":33,"minecraft:sugar":1,"minecraft:diamond_sword":2,"minecraft:enchanting_table":1,"minecraft:iron_sword":2,"minecraft:bucket":1,"minecraft:stone_axe":2,"minecraft:bread":136,"minecraft:air":0,"minecraft:oak_boat":2,"minecraft:golden_apple":1,"minecraft:fermented_spider_eye":1,"minecraft:iron_shovel":1,"minecraft:white_bed":1,"minecraft:torch":156,"minecraft:diamond_chestplate":2},"minecraft:custom":{"minecraft:interact_with_crafting_table":113,"minecraft:leave_game":15,"minecraft:time_since_death":302,"minecraft:sprint_one_cm":1275824,"minecraft:damage_blocked_by_shield":7110,"minecraft:drop":132,"minecraft:talked_to_villager":98,"minecraft:play_time":771508,"minecraft:deaths":7,"minecraft:jump":11279,"minecraft:interact_with_brewingstand":9,"minecraft:walk_on_water_one_cm":169557,"minecraft:enchant_item":1,"minecraft:interact_with_furnace":57,"minecraft:traded_with_villager":70,"minecraft:sleep_in_bed":38,"minecraft:damage_dealt":54020,"minecraft:crouch_one_cm":25429,"minecraft:horse_one_cm":5813648,"minecraft:mob_kills":286,"minecraft:climb_one_cm":4158,"minecraft:walk_one_cm":2139458,"minecraft:sneak_time":10221,"minecraft:walk_under_water_one_cm":101859,"minecraft:boat_one_cm":199892,"minecraft:total_world_time":771508,"minecraft:raid_trigger":1,"minecraft:time_since_rest":416,"minecraft:damage_absorbed":60,"minecraft:damage_taken":12326,"minecraft:swim_one_cm":110083,"minecraft:fly_one_cm":3952816,"minecraft:open_chest":218,"minecraft:fall_one_cm":226710},"minecraft:killed":{"minecraft:witch":4,"minecraft:spider":9,"minecraft:skeleton":19,"minecraft:silverfish":1,"minecraft:magma_cube":23,"minecraft:pig":4,"minecraft:iron_golem":9,"minecraft:ender_dragon":1,"minecraft:creeper":11,"minecraft:sheep":9,"minecraft:trader_llama":2,"minecraft:pillager":13,"minecraft:zombie":32,"minecraft:ghast":1,"minecraft:blaze":20,"minecraft:cow":58,"minecraft:vex":1,"minecraft:vindicator":3,"minecraft:horse":2,"minecraft:drowned":1,"minecraft:wandering_trader":1,"minecraft:wither_skeleton":15,"minecraft:enderman":41},"minecraft:mined":{"minecraft:white_bed":9,"minecraft:cobblestone_stairs":4,"minecraft:brewing_stand":1,"minecraft:obsidian":14,"minecraft:granite":12,"minecraft:grass_block":734,"minecraft:composter":8,"minecraft:oxeye_daisy":1,"minecraft:spawner":2,"minecraft:iron_ore":2,"minecraft:cobbled_deepslate":10,"minecraft:fire":10,"minecraft:pumpkin":5,"minecraft:fletching_table":3,"minecraft:azure_bluet":1,"minecraft:twisting_vines":5,"minecraft:dirt_path":200,"minecraft:water_cauldron":1,"minecraft:oak_stairs":1,"minecraft:iron_bars":3,"minecraft:deepslate_redstone_ore":9,"minecraft:brown_mushroom":6,"minecraft:blackstone":27,"minecraft:twisting_vines_plant":7,"minecraft:torch":8,"minecraft:poppy":4,"minecraft:chest":6,"minecraft:nether_quartz_ore":5,"minecraft:cobblestone":172,"minecraft:sugar_cane":140,"minecraft:oak_planks":61,"minecraft:iron_door":2,"minecraft:wall_torch":17,"minecraft:seagrass":1,"minecraft:white_terracotta":1,"minecraft:warped_nylium":15,"minecraft:warped_planks":1,"minecraft:birch_log":62,"minecraft:wheat":8,"minecraft:stone_brick_stairs":1,"minecraft:grass":468,"minecraft:oak_log":177,"minecraft:sand":86,"minecraft:dirt":475,"minecraft:netherrack":64,"minecraft:oak_leaves":37,"minecraft:deepslate":567,"minecraft:tuff":70,"minecraft:mossy_cobblestone":10,"minecraft:deepslate_diamond_ore":98,"minecraft:oak_door":3,"minecraft:end_stone":74,"minecraft:nether_bricks":18,"minecraft:crimson_roots":1,"minecraft:redstone_wire":8,"minecraft:sandstone":1,"minecraft:hay_block":11,"minecraft:oak_trapdoor":6,"minecraft:furnace":4,"minecraft:nether_sprouts":3,"minecraft:andesite":11,"minecraft:gold_block":1,"minecraft:nether_brick_fence":1,"minecraft:polished_deepslate":5,"minecraft:bookshelf":50,"minecraft:potatoes":1,"minecraft:deepslate_iron_ore":10,"minecraft:warped_stem":6,"minecraft:stripped_oak_log":7,"minecraft:stone":280,"minecraft:glass_pane":10,"minecraft:basalt":67,"minecraft:dandelion":9,"minecraft:oak_fence":1,"minecraft:crafting_table":17,"minecraft:cornflower":2,"minecraft:warped_roots":13,"minecraft:lectern":57,"minecraft:tall_grass":32,"minecraft:lapis_ore":4,"minecraft:deepslate_gold_ore":1,"minecraft:diorite":10,"minecraft:warped_wart_block":5,"minecraft:birch_planks":2,"minecraft:birch_leaves":25,"minecraft:yellow_bed":1,"minecraft:coal_ore":62,"minecraft:gravel":52,"minecraft:cobweb":13,"minecraft:cracked_stone_bricks":3,"minecraft:stone_bricks":6,"minecraft:mossy_stone_bricks":7},"minecraft:broken":{"minecraft:iron_shovel":1,"minecraft:stone_axe":1,"minecraft:shield":1,"minecraft:iron_pickaxe":1},"minecraft:dropped":{"minecraft:iron_sword":1,"minecraft:lapis_lazuli":21,"minecraft:warped_fungus":1,"minecraft:cooked_beef":3,"minecraft:warped_roots":7,"minecraft:dirt":84,"minecraft:cornflower":4,"minecraft:crimson_roots":1,"minecraft:sand":64,"minecraft:iron_pickaxe":1,"minecraft:gold_ingot":2,"minecraft:bone":2,"minecraft:oak_door":1,"minecraft:gravel":17,"minecraft:stone_axe":1,"minecraft:twisting_vines":4,"minecraft:wheat":9,"minecraft:rotten_flesh":25,"minecraft:diamond_shovel":2,"minecraft:end_stone":21,"minecraft:nether_brick_fence":1,"minecraft:azure_bluet":4,"minecraft:white_bed":1,"minecraft:warped_planks":1,"minecraft:eye_armor_trim_smithing_template":2,"minecraft:poppy":33,"minecraft:leather_boots":1,"minecraft:basalt":1,"minecraft:glass":1,"minecraft:splash_potion":1,"minecraft:netherrack":8,"minecraft:egg":5,"minecraft:iron_ingot":12,"minecraft:bread":1,"minecraft:wheat_seeds":60,"minecraft:mossy_cobblestone":1,"minecraft:diamond_leggings":1,"minecraft:iron_helmet":1,"minecraft:cobblestone":16,"minecraft:book":157,"minecraft:granite":38,"minecraft:coal":1,"minecraft:stick":5,"minecraft:oxeye_daisy":4,"minecraft:diorite":8,"minecraft:iron_door":2,"minecraft:diamond_helmet":1,"minecraft:oak_stairs":1,"minecraft:iron_axe":1,"minecraft:dandelion":68,"minecraft:warped_nylium":5,"minecraft:oak_trapdoor":6,"minecraft:stone_shovel":2,"minecraft:chicken":2,"minecraft:iron_boots":2,"minecraft:nether_bricks":10,"minecraft:diamond_sword":3,"minecraft:potato":19,"minecraft:shield":1,"minecraft:diamond_chestplate":1,"minecraft:iron_chestplate":1,"minecraft:diamond_pickaxe":1,"minecraft:andesite":17,"minecraft:mossy_stone_bricks":4,"minecraft:golden_leggings":1,"minecraft:oak_boat":1,"minecraft:diamond_boots":1,"minecraft:sandstone":2,"minecraft:bow":1,"minecraft:stone_pickaxe":3,"minecraft:wooden_pickaxe":1}},"DataVersion":3465}