{"stats":{"minecraft:custom":{"minecraft:interact_with_crafting_table":121,"minecraft:leave_game":18,"minecraft:time_since_death":119804,"minecraft:sprint_one_cm":1570610,"minecraft:damage_blocked_by_shield":7710,"minecraft:drop":172,"minecraft:talked_to_villager":98,"minecraft:play_time":891010,"minecraft:deaths":7,"minecraft:jump":13291,"minecraft:interact_with_brewingstand":9,"minecraft:walk_on_water_one_cm":187241,"minecraft:enchant_item":9,"minecraft:interact_with_furnace":65,"minecraft:traded_with_villager":70,"minecraft:sleep_in_bed":39,"minecraft:open_enderchest":2,"minecraft:damage_dealt":70163,"minecraft:player_kills":1,"minecraft:crouch_one_cm":49143,"minecraft:horse_one_cm":6283320,"minecraft:mob_kills":335,"minecraft:climb_one_cm":6693,"minecraft:walk_one_cm":2379761,"minecraft:sneak_time":15823,"minecraft:walk_under_water_one_cm":109754,"minecraft:boat_one_cm":202952,"minecraft:total_world_time":891010,"minecraft:raid_trigger":1,"minecraft:interact_with_stonecutter":6,"minecraft:interact_with_grindstone":1,"minecraft:time_since_rest":81682,"minecraft:damage_absorbed":60,"minecraft:damage_taken":14851,"minecraft:swim_one_cm":113036,"minecraft:fly_one_cm":4673618,"minecraft:open_chest":229,"minecraft:fall_one_cm":285708},"minecraft:mined":{"minecraft:white_bed":9,"minecraft:cobblestone_stairs":4,"minecraft:brewing_stand":1,"minecraft:obsidian":14,"minecraft:granite":19,"minecraft:grass_block":740,"minecraft:purpur_slab":15,"minecraft:composter":8,"minecraft:oxeye_daisy":1,"minecraft:spawner":2,"minecraft:iron_ore":2,"minecraft:cobbled_deepslate":14,"minecraft:fire":10,"minecraft:pumpkin":5,"minecraft:fletching_table":3,"minecraft:deepslate_lapis_ore":6,"minecraft:azure_bluet":1,"minecraft:twisting_vines":5,"minecraft:dirt_path":201,"minecraft:water_cauldron":1,"minecraft:oak_stairs":1,"minecraft:iron_bars":3,"minecraft:end_stone_bricks":5,"minecraft:deepslate_redstone_ore":9,"minecraft:brown_mushroom":6,"minecraft:blackstone":27,"minecraft:magenta_wall_banner":1,"minecraft:twisting_vines_plant":7,"minecraft:purpur_stairs":2,"minecraft:torch":8,"minecraft:poppy":4,"minecraft:chest":6,"minecraft:nether_quartz_ore":5,"minecraft:cobblestone":172,"minecraft:oak_planks":61,"minecraft:sugar_cane":140,"minecraft:iron_door":2,"minecraft:wall_torch":17,"minecraft:white_terracotta":1,"minecraft:seagrass":1,"minecraft:warped_nylium":15,"minecraft:warped_planks":1,"minecraft:birch_log":62,"minecraft:wheat":18,"minecraft:purpur_block":31,"minecraft:stone_brick_stairs":1,"minecraft:grass":471,"minecraft:oak_log":183,"minecraft:sand":86,"minecraft:dirt":502,"minecraft:netherrack":64,"minecraft:oak_leaves":40,"minecraft:deepslate":636,"minecraft:tuff":81,"minecraft:mossy_cobblestone":10,"minecraft:deepslate_diamond_ore":118,"minecraft:oak_door":3,"minecraft:end_stone":251,"minecraft:nether_bricks":18,"minecraft:crimson_roots":1,"minecraft:redstone_wire":8,"minecraft:sandstone":1,"minecraft:hay_block":48,"minecraft:oak_trapdoor":6,"minecraft:furnace":4,"minecraft:nether_sprouts":3,"minecraft:andesite":15,"minecraft:gold_block":1,"minecraft:nether_brick_fence":1,"minecraft:polished_deepslate":5,"minecraft:bookshelf":50,"minecraft:potatoes":1,"minecraft:deepslate_iron_ore":10,"minecraft:warped_stem":6,"minecraft:stripped_oak_log":7,"minecraft:chorus_plant":2,"minecraft:stone":327,"minecraft:ender_chest":1,"minecraft:glass_pane":10,"minecraft:basalt":67,"minecraft:dandelion":9,"minecraft:oak_fence":4,"minecraft:cornflower":2,"minecraft:crafting_table":19,"minecraft:warped_roots":13,"minecraft:lectern":57,"minecraft:purpur_pillar":12,"minecraft:tall_grass":36,"minecraft:deepslate_gold_ore":1,"minecraft:lapis_ore":4,"minecraft:diorite":10,"minecraft:warped_wart_block":5,"minecraft:birch_planks":2,"minecraft:birch_leaves":25,"minecraft:yellow_bed":1,"minecraft:coal_ore":62,"minecraft:end_rod":4,"minecraft:gravel":56,"minecraft:cobweb":13,"minecraft:cracked_stone_bricks":3,"minecraft:stone_bricks":6,"minecraft:mossy_stone_bricks":7},"minecraft:killed_by":{"minecraft:vindicator":1,"minecraft:witch":1,"minecraft:zombie":2,"minecraft:enderman":1,"minecraft:ender_dragon":1},"minecraft:crafted":{"minecraft:grindstone":1,"minecraft:oak_planks":832,"minecraft:blaze_powder":18,"minecraft:birch_boat":1,"minecraft:birch_slab":6,"minecraft:stone":1,"minecraft:diamond_shovel":3,"minecraft:bookshelf":17,"minecraft:cooked_mutton":5,"minecraft:warped_planks":24,"minecraft:glass":4,"minecraft:diamond_helmet":3,"minecraft:bow":2,"minecraft:diamond_leggings":3,"minecraft:iron_boots":1,"minecraft:chest":3,"minecraft:ender_eye":17,"minecraft:glass_bottle":3,"minecraft:emerald":36,"minecraft:arrow":256,"minecraft:cooked_porkchop":9,"minecraft:diamond_axe":2,"minecraft:crafting_table":10,"minecraft:wooden_pickaxe":2,"minecraft:fletching_table":1,"minecraft:birch_planks":244,"minecraft:brewing_stand":1,"minecraft:lectern":1,"minecraft:diamond_pickaxe":2,"minecraft:iron_chestplate":1,"minecraft:book":50,"minecraft:paper":174,"minecraft:charcoal":1,"minecraft:shield":4,"minecraft:stick":1316,"minecraft:stone_slab":2,"minecraft:iron_ingot":18,"minecraft:iron_pickaxe":4,"minecraft:gold_ingot":9,"minecraft:smooth_stone_slab":2,"minecraft:leather_boots":1,"minecraft:furnace":2,"minecraft:flint_and_steel":1,"minecraft:polished_deepslate":340,"minecraft:iron_axe":1,"minecraft:stone_pickaxe":3,"minecraft:diamond_boots":3,"minecraft:dark_oak_planks":12,"minecraft:wheat":432,"minecraft:cooked_beef":33,"minecraft:sugar":1,"minecraft:diamond_sword":2,"minecraft:enchanting_table":1,"minecraft:iron_sword":2,"minecraft:bucket":1,"minecraft:stone_axe":2,"minecraft:bread":247,"minecraft:air":0,"minecraft:oak_boat":3,"minecraft:golden_apple":1,"minecraft:fermented_spider_eye":1,"minecraft:iron_shovel":1,"minecraft:white_bed":1,"minecraft:torch":156,"minecraft:diamond_chestplate":3},"minecraft:killed":{"minecraft:witch":4,"minecraft:spider":9,"minecraft:shulker":19,"minecraft:skeleton":20,"minecraft:silverfish":1,"minecraft:magma_cube":23,"minecraft:pig":4,"minecraft:iron_golem":9,"minecraft:ender_dragon":1,"minecraft:creeper":11,"minecraft:sheep":10,"minecraft:trader_llama":4,"minecraft:pillager":13,"minecraft:zombie":35,"minecraft:ghast":1,"minecraft:blaze":20,"minecraft:cow":62,"minecraft:vex":1,"minecraft:vindicator":3,"minecraft:horse":2,"minecraft:drowned":1,"minecraft:wandering_trader":2,"minecraft:wither_skeleton":15,"minecraft:enderman":59},"minecraft:used":{"minecraft:iron_shovel":256,"minecraft:polished_deepslate":418,"minecraft:chest":8,"minecraft:white_terracotta":1,"minecraft:shield":152,"minecraft:stone":2,"minecraft:iron_sword":134,"minecraft:iron_chestplate":1,"minecraft:nether_bricks":7,"minecraft:tuff":17,"minecraft:obsidian":10,"minecraft:lava_bucket":1,"minecraft:villager_spawn_egg":9,"minecraft:grass_block":1,"minecraft:bow":131,"minecraft:furnace":6,"minecraft:egg":1,"minecraft:end_stone_bricks":5,"minecraft:diamond_boots":2,"minecraft:chorus_fruit":8,"minecraft:stone_pickaxe":71,"minecraft:oak_planks":378,"minecraft:ender_pearl":27,"minecraft:blackstone":11,"minecraft:wooden_pickaxe":48,"minecraft:composter":8,"minecraft:diamond_axe":653,"minecraft:sugar_cane":75,"minecraft:purpur_pillar":6,"minecraft:end_stone":265,"minecraft:bread":193,"minecraft:lectern":58,"minecraft:gravel":1,"minecraft:iron_door":1,"minecraft:diamond_sword":914,"minecraft:grindstone":1,"minecraft:andesite":8,"minecraft:oak_boat":53,"minecraft:purpur_block":18,"minecraft:enchanting_table":1,"minecraft:flint_and_steel":53,"minecraft:netherrack":4,"minecraft:torch":261,"minecraft:brewing_stand":2,"minecraft:dirt":955,"minecraft:diamond_helmet":1,"minecraft:granite":9,"minecraft:bookshelf":16,"minecraft:iron_axe":125,"minecraft:oak_stairs":3,"minecraft:iron_boots":1,"minecraft:totem_of_undying":1,"minecraft:diamond_chestplate":1,"minecraft:basalt":49,"minecraft:beef":1,"minecraft:cooked_beef":54,"minecraft:cobbled_deepslate":159,"minecraft:pumpkin":5,"minecraft:wheat_seeds":25,"minecraft:cooked_mutton":9,"minecraft:water_bucket":78,"minecraft:birch_planks":31,"minecraft:glass_bottle":3,"minecraft:birch_boat":4,"minecraft:fletching_table":4,"minecraft:warped_roots":3,"minecraft:oak_slab":4,"minecraft:crafting_table":26,"minecraft:white_bed":27,"minecraft:warped_planks":24,"minecraft:oak_log":1,"minecraft:diamond_pickaxe":1688,"minecraft:ender_eye":28,"minecraft:apple":2,"minecraft:diamond_shovel":1896,"minecraft:iron_pickaxe":364,"minecraft:stone_slab":1,"minecraft:stone_axe":104,"minecraft:cobblestone":504,"minecraft:white_banner":5,"minecraft:cooked_porkchop":1,"minecraft:bucket":80,"minecraft:diamond_leggings":1,"minecraft:splash_potion":1},"minecraft:picked_up":{"minecraft:shulker_shell":4,"minecraft:iron_chestplate":3,"minecraft:wheat":53,"minecraft:nether_brick_fence":1,"minecraft:lead":3,"minecraft:diamond_sword":8,"minecraft:oak_stairs":1,"minecraft:stone_brick_stairs":1,"minecraft:brewing_stand":2,"minecraft:golden_sword":4,"minecraft:polished_deepslate":5,"minecraft:string":46,"minecraft:diamond_leggings":7,"minecraft:cobbled_deepslate":701,"minecraft:smooth_stone":15,"minecraft:bucket":1,"minecraft:ender_eye":16,"minecraft:iron_pickaxe":3,"minecraft:iron_boots":3,"minecraft:furnace":4,"minecraft:stick":209,"minecraft:composter":10,"minecraft:oak_fence":3,"minecraft:purpur_pillar":10,"minecraft:torch":50,"minecraft:porkchop":9,"minecraft:diorite":10,"minecraft:warped_planks":1,"minecraft:cauldron":1,"minecraft:goat_horn":2,"minecraft:stone_sword":1,"minecraft:rotten_flesh":69,"minecraft:end_rod":8,"minecraft:white_terracotta":1,"minecraft:blaze_rod":10,"minecraft:obsidian":31,"minecraft:iron_bars":39,"minecraft:blaze_powder":21,"minecraft:cobblestone":538,"minecraft:birch_log":66,"minecraft:feather":2,"minecraft:cooked_beef":53,"minecraft:magma_cream":6,"minecraft:iron_door":9,"minecraft:water_bucket":3,"minecraft:andesite":33,"minecraft:golden_leggings":4,"minecraft:potato":20,"minecraft:flint":40,"minecraft:tuff":29,"minecraft:map":5,"minecraft:lapis_lazuli":85,"minecraft:dirt":1987,"minecraft:twisting_vines":5,"minecraft:glass":2,"minecraft:bone":68,"minecraft:bow":9,"minecraft:wheat_seeds":118,"minecraft:raw_gold":2,"minecraft:mossy_stone_bricks":4,"minecraft:fletching_table":3,"minecraft:diamond_helmet":8,"minecraft:glowstone_dust":3,"minecraft:oak_planks":153,"minecraft:cooked_porkchop":9,"minecraft:warped_wart_block":3,"minecraft:sand":106,"minecraft:grass_block":1,"minecraft:dark_oak_log":9,"minecraft:mossy_cobblestone":21,"minecraft:diamond":158,"minecraft:crossbow":6,"minecraft:granite":56,"minecraft:emerald":6,"minecraft:bread":183,"minecraft:oak_sapling":2,"minecraft:netherrack":75,"minecraft:chorus_fruit":18,"minecraft:crimson_roots":1,"minecraft:diamond_pickaxe":7,"minecraft:end_stone_bricks":5,"minecraft:crafting_table":20,"minecraft:azure_bluet":4,"minecraft:splash_potion":3,"minecraft:chicken":2,"minecraft:nether_wart":80,"minecraft:brown_mushroom":11,"minecraft:wooden_pickaxe":2,"minecraft:gold_block":2,"minecraft:purpur_block":24,"minecraft:shield":8,"minecraft:cornflower":8,"minecraft:oak_trapdoor":6,"minecraft:iron_axe":2,"minecraft:flint_and_steel":9,"minecraft:blackstone":35,"minecraft:music_disc_otherside":3,"minecraft:beef":119,"minecraft:oak_boat":59,"minecraft:poppy":48,"minecraft:lectern":57,"minecraft:chest":10,"minecraft:sugar_cane":189,"minecraft:birch_sapling":2,"minecraft:egg":14,"minecraft:raw_iron":33,"minecraft:sandstone":3,"minecraft:end_stone":294,"minecraft:stone":2,"minecraft:oak_door":4,"minecraft:redstone":67,"minecraft:stone_shovel":2,"minecraft:arrow":494,"minecraft:diamond_chestplate":7,"minecraft:nether_bricks":20,"minecraft:purpur_slab":13,"minecraft:diamond_boots":8,"minecraft:hay_block":48,"minecraft:totem_of_undying":3,"minecraft:glistering_melon_slice":36,"minecraft:saddle":2,"minecraft:gold_ingot":2,"minecraft:mutton":40,"minecraft:white_wool":22,"minecraft:oxeye_daisy":4,"minecraft:stripped_oak_log":7,"minecraft:basalt":72,"minecraft:glow_ink_sac":15,"minecraft:tripwire_hook":9,"minecraft:leather":84,"minecraft:birch_planks":88,"minecraft:purpur_stairs":3,"minecraft:oak_log":225,"minecraft:gunpowder":78,"minecraft:cobblestone_stairs":8,"minecraft:paper":21,"minecraft:white_banner":9,"minecraft:cooked_mutton":7,"minecraft:apple":5,"minecraft:stone_bricks":5,"minecraft:warped_stem":6,"minecraft:iron_ingot":78,"minecraft:stone_pickaxe":4,"minecraft:book":147,"minecraft:oak_slab":6,"minecraft:warped_fungus":1,"minecraft:birch_boat":5,"minecraft:pumpkin":5,"minecraft:dandelion":102,"minecraft:gravel":97,"minecraft:white_bed":12,"minecraft:spider_eye":13,"minecraft:diamond_shovel":8,"minecraft:stone_axe":2,"minecraft:iron_helmet":1,"minecraft:diamond_axe":7,"minecraft:warped_roots":21,"minecraft:warped_nylium":19,"minecraft:coal":79,"minecraft:ender_pearl":78},"minecraft:broken":{"minecraft:iron_shovel":1,"minecraft:stone_axe":1,"minecraft:shield":1,"minecraft:iron_pickaxe":1},"minecraft:dropped":{"minecraft:iron_sword":1,"minecraft:lapis_lazuli":21,"minecraft:warped_fungus":1,"minecraft:cooked_beef":3,"minecraft:ender_pearl":5,"minecraft:warped_roots":7,"minecraft:purpur_stairs":1,"minecraft:dirt":84,"minecraft:cornflower":4,"minecraft:crimson_roots":1,"minecraft:sand":64,"minecraft:iron_pickaxe":1,"minecraft:gold_ingot":2,"minecraft:bone":2,"minecraft:oak_door":1,"minecraft:gravel":18,"minecraft:stone_axe":1,"minecraft:twisting_vines":4,"minecraft:wheat":9,"minecraft:rotten_flesh":29,"minecraft:oak_planks":3,"minecraft:diamond_shovel":2,"minecraft:end_stone":21,"minecraft:nether_brick_fence":1,"minecraft:azure_bluet":4,"minecraft:white_bed":1,"minecraft:warped_planks":1,"minecraft:eye_armor_trim_smithing_template":2,"minecraft:poppy":33,"minecraft:leather_boots":1,"minecraft:basalt":1,"minecraft:glass":1,"minecraft:splash_potion":1,"minecraft:netherrack":8,"minecraft:egg":5,"minecraft:water_bucket":2,"minecraft:iron_ingot":21,"minecraft:bread":20,"minecraft:oak_slab":6,"minecraft:wheat_seeds":60,"minecraft:mossy_cobblestone":1,"minecraft:diamond_leggings":2,"minecraft:iron_helmet":1,"minecraft:cobblestone":16,"minecraft:book":157,"minecraft:granite":38,"minecraft:coal":1,"minecraft:end_rod":4,"minecraft:stick":5,"minecraft:oxeye_daisy":4,"minecraft:diorite":8,"minecraft:iron_door":2,"minecraft:diamond_helmet":2,"minecraft:oak_stairs":1,"minecraft:iron_axe":1,"minecraft:smooth_stone":14,"minecraft:dandelion":68,"minecraft:warped_nylium":5,"minecraft:oak_trapdoor":6,"minecraft:stone_shovel":2,"minecraft:chicken":2,"minecraft:iron_boots":2,"minecraft:nether_bricks":10,"minecraft:diamond_sword":3,"minecraft:potato":19,"minecraft:shield":1,"minecraft:diamond_chestplate":2,"minecraft:iron_chestplate":1,"minecraft:diamond_pickaxe":1,"minecraft:andesite":17,"minecraft:mossy_stone_bricks":4,"minecraft:golden_leggings":1,"minecraft:oak_boat":1,"minecraft:diamond_boots":2,"minecraft:sandstone":2,"minecraft:bow":1,"minecraft:stone_pickaxe":3,"minecraft:wooden_pickaxe":1}},"DataVersion":3465}