{"stats":{"minecraft:picked_up":{"minecraft:crafting_table":14,"minecraft:azure_bluet":3,"minecraft:nether_wart":40,"minecraft:wooden_pickaxe":1,"minecraft:oak_stairs":1,"minecraft:shield":1,"minecraft:polished_deepslate":1,"minecraft:cornflower":8,"minecraft:string":9,"minecraft:oak_trapdoor":6,"minecraft:iron_axe":2,"minecraft:blackstone":23,"minecraft:cobbled_deepslate":359,"minecraft:beef":18,"minecraft:oak_boat":1,"minecraft:poppy":39,"minecraft:iron_pickaxe":1,"minecraft:sugar_cane":102,"minecraft:chest":2,"minecraft:furnace":3,"minecraft:iron_boots":2,"minecraft:stick":24,"minecraft:raw_iron":19,"minecraft:sandstone":3,"minecraft:composter":4,"minecraft:torch":17,"minecraft:porkchop":9,"minecraft:redstone":52,"minecraft:stone_shovel":2,"minecraft:arrow":11,"minecraft:rotten_flesh":29,"minecraft:hay_block":11,"minecraft:obsidian":18,"minecraft:mutton":38,"minecraft:white_wool":15,"minecraft:cobblestone":116,"minecraft:oxeye_daisy":4,"minecraft:stripped_oak_log":4,"minecraft:birch_log":44,"minecraft:cooked_beef":5,"minecraft:basalt":57,"minecraft:magma_cream":2,"minecraft:glow_ink_sac":10,"minecraft:leather":20,"minecraft:potato":3,"minecraft:birch_planks":1,"minecraft:flint":5,"minecraft:oak_log":89,"minecraft:gunpowder":4,"minecraft:paper":4,"minecraft:lapis_lazuli":23,"minecraft:map":4,"minecraft:dirt":1213,"minecraft:cooked_mutton":7,"minecraft:bone":22,"minecraft:wheat_seeds":67,"minecraft:raw_gold":1,"minecraft:iron_ingot":32,"minecraft:stone_pickaxe":3,"minecraft:fletching_table":1,"minecraft:oak_planks":104,"minecraft:cooked_porkchop":9,"minecraft:birch_boat":4,"minecraft:pumpkin":5,"minecraft:dandelion":85,"minecraft:gravel":65,"minecraft:sand":85,"minecraft:white_bed":5,"minecraft:grass_block":1,"minecraft:spider_eye":3,"minecraft:diamond":44,"minecraft:stone_axe":1,"minecraft:granite":3,"minecraft:bread":24,"minecraft:oak_sapling":2,"minecraft:coal":61},"minecraft:used":{"minecraft:enchanting_table":1,"minecraft:iron_shovel":256,"minecraft:polished_deepslate":144,"minecraft:flint_and_steel":15,"minecraft:chest":4,"minecraft:shield":58,"minecraft:iron_sword":134,"minecraft:torch":166,"minecraft:dirt":551,"minecraft:obsidian":10,"minecraft:lava_bucket":1,"minecraft:bookshelf":2,"minecraft:grass_block":1,"minecraft:iron_axe":125,"minecraft:iron_boots":1,"minecraft:basalt":48,"minecraft:bow":27,"minecraft:beef":1,"minecraft:furnace":5,"minecraft:cooked_beef":6,"minecraft:cobbled_deepslate":40,"minecraft:pumpkin":5,"minecraft:cooked_mutton":9,"minecraft:water_bucket":19,"minecraft:diamond_boots":1,"minecraft:birch_planks":17,"minecraft:stone_pickaxe":71,"minecraft:composter":4,"minecraft:blackstone":11,"minecraft:birch_boat":4,"minecraft:wooden_pickaxe":14,"minecraft:sugar_cane":75,"minecraft:diamond_axe":126,"minecraft:fletching_table":2,"minecraft:crafting_table":19,"minecraft:white_bed":6,"minecraft:diamond_pickaxe":536,"minecraft:diamond_shovel":1677,"minecraft:bread":44,"minecraft:iron_pickaxe":289,"minecraft:gravel":1,"minecraft:stone_axe":98,"minecraft:diamond_sword":145,"minecraft:cobblestone":26,"minecraft:cooked_porkchop":1,"minecraft:bucket":21},"minecraft:killed_by":{"minecraft:zombie":1},"minecraft:crafted":{"minecraft:oak_planks":372,"minecraft:leather_boots":1,"minecraft:birch_boat":1,"minecraft:furnace":2,"minecraft:diamond_shovel":1,"minecraft:bookshelf":2,"minecraft:cooked_mutton":5,"minecraft:flint_and_steel":1,"minecraft:diamond_helmet":1,"minecraft:bow":2,"minecraft:diamond_leggings":1,"minecraft:iron_boots":1,"minecraft:polished_deepslate":60,"minecraft:iron_axe":1,"minecraft:stone_pickaxe":3,"minecraft:chest":3,"minecraft:diamond_boots":1,"minecraft:wheat":99,"minecraft:cooked_beef":9,"minecraft:diamond_sword":1,"minecraft:arrow":64,"minecraft:emerald":22,"minecraft:cooked_porkchop":9,"minecraft:diamond_axe":1,"minecraft:crafting_table":6,"minecraft:enchanting_table":1,"minecraft:wooden_pickaxe":1,"minecraft:iron_sword":2,"minecraft:fletching_table":1,"minecraft:birch_planks":176,"minecraft:bucket":1,"minecraft:stone_axe":2,"minecraft:bread":99,"minecraft:air":0,"minecraft:iron_chestplate":1,"minecraft:book":8,"minecraft:paper":27,"minecraft:diamond_pickaxe":1,"minecraft:shield":3,"minecraft:stick":776,"minecraft:iron_ingot":18,"minecraft:iron_pickaxe":3,"minecraft:iron_shovel":1,"minecraft:white_bed":1,"minecraft:torch":156},"minecraft:custom":{"minecraft:mob_kills":93,"minecraft:interact_with_crafting_table":64,"minecraft:leave_game":10,"minecraft:time_since_death":276836,"minecraft:climb_one_cm":296,"minecraft:sprint_one_cm":478008,"minecraft:walk_one_cm":1022449,"minecraft:damage_blocked_by_shield":2620,"minecraft:drop":52,"minecraft:talked_to_villager":18,"minecraft:play_time":318002,"minecraft:sneak_time":5940,"minecraft:deaths":1,"minecraft:walk_under_water_one_cm":31759,"minecraft:boat_one_cm":82735,"minecraft:jump":5024,"minecraft:walk_on_water_one_cm":66738,"minecraft:total_world_time":318002,"minecraft:interact_with_furnace":35,"minecraft:traded_with_villager":39,"minecraft:sleep_in_bed":18,"minecraft:time_since_rest":5199,"minecraft:damage_taken":2717,"minecraft:damage_dealt":18055,"minecraft:swim_one_cm":86010,"minecraft:fly_one_cm":1056052,"minecraft:open_chest":54,"minecraft:crouch_one_cm":14750,"minecraft:fall_one_cm":94615,"minecraft:horse_one_cm":657965},"minecraft:killed":{"minecraft:spider":5,"minecraft:skeleton":12,"minecraft:drowned":1,"minecraft:magma_cube":14,"minecraft:pig":4,"minecraft:iron_golem":7,"minecraft:creeper":3,"minecraft:sheep":9,"minecraft:zombie":21,"minecraft:wither_skeleton":5,"minecraft:enderman":1,"minecraft:cow":10,"minecraft:blaze":1},"minecraft:mined":{"minecraft:tuff":56,"minecraft:white_bed":4,"minecraft:deepslate_diamond_ore":32,"minecraft:obsidian":14,"minecraft:granite":4,"minecraft:grass_block":695,"minecraft:redstone_wire":8,"minecraft:composter":4,"minecraft:oxeye_daisy":1,"minecraft:sandstone":1,"minecraft:hay_block":11,"minecraft:oak_trapdoor":6,"minecraft:furnace":3,"minecraft:iron_ore":2,"minecraft:cobbled_deepslate":10,"minecraft:fire":5,"minecraft:pumpkin":5,"minecraft:fletching_table":1,"minecraft:azure_bluet":1,"minecraft:polished_deepslate":1,"minecraft:deepslate_iron_ore":10,"minecraft:dirt_path":197,"minecraft:oak_stairs":1,"minecraft:stripped_oak_log":4,"minecraft:stone":38,"minecraft:deepslate_redstone_ore":9,"minecraft:blackstone":27,"minecraft:basalt":63,"minecraft:dandelion":9,"minecraft:crafting_table":15,"minecraft:cornflower":2,"minecraft:torch":6,"minecraft:poppy":4,"minecraft:chest":1,"minecraft:tall_grass":20,"minecraft:cobblestone":70,"minecraft:lapis_ore":4,"minecraft:deepslate_gold_ore":1,"minecraft:sugar_cane":82,"minecraft:oak_planks":28,"minecraft:wall_torch":3,"minecraft:birch_planks":1,"minecraft:birch_log":45,"minecraft:birch_leaves":1,"minecraft:grass":422,"minecraft:oak_log":67,"minecraft:coal_ore":61,"minecraft:gravel":52,"minecraft:sand":86,"minecraft:dirt":377,"minecraft:oak_leaves":12,"minecraft:deepslate":429},"minecraft:broken":{"minecraft:iron_shovel":1,"minecraft:shield":1,"minecraft:stone_axe":1,"minecraft:iron_pickaxe":1},"minecraft:dropped":{"minecraft:iron_ingot":12,"minecraft:bread":1,"minecraft:iron_sword":1,"minecraft:wheat_seeds":57,"minecraft:cooked_beef":3,"minecraft:stick":4,"minecraft:oxeye_daisy":4,"minecraft:cornflower":4,"minecraft:oak_stairs":1,"minecraft:sand":64,"minecraft:iron_axe":1,"minecraft:iron_pickaxe":1,"minecraft:dandelion":68,"minecraft:gravel":17,"minecraft:stone_axe":1,"minecraft:oak_trapdoor":6,"minecraft:stone_shovel":2,"minecraft:rotten_flesh":24,"minecraft:iron_boots":1,"minecraft:diamond_shovel":1,"minecraft:azure_bluet":3,"minecraft:poppy":33,"minecraft:potato":2,"minecraft:shield":1,"minecraft:leather_boots":1,"minecraft:sandstone":2,"minecraft:stone_pickaxe":3}},"DataVersion":3465}