{"stats":{"minecraft:custom":{"minecraft:time_since_rest":5348,"minecraft:crouch_one_cm":3,"minecraft:play_time":5348,"minecraft:sprint_one_cm":6470,"minecraft:walk_one_cm":9906,"minecraft:sneak_time":5,"minecraft:mob_kills":3,"minecraft:drop":1,"minecraft:jump":85,"minecraft:damage_dealt":315,"minecraft:time_since_death":5348,"minecraft:total_world_time":5348,"minecraft:interact_with_crafting_table":3,"minecraft:fall_one_cm":1730,"minecraft:fly_one_cm":15830},"minecraft:crafted":{"minecraft:oak_planks":12,"minecraft:stone_axe":1,"minecraft:crafting_table":1,"minecraft:stick":8,"minecraft:stone_pickaxe":2,"minecraft:wooden_pickaxe":1},"minecraft:killed":{"minecraft:pig":3},"minecraft:mined":{"minecraft:grass":3,"minecraft:coal_ore":15,"minecraft:grass_block":1,"minecraft:oak_log":4,"minecraft:dirt":4,"minecraft:stone":14,"minecraft:crafting_table":2},"minecraft:dropped":{"minecraft:stone_pickaxe":1},"minecraft:used":{"minecraft:stone_axe":10,"minecraft:dirt":5,"minecraft:crafting_table":1,"minecraft:stone_pickaxe":24,"minecraft:wooden_pickaxe":10},"minecraft:picked_up":{"minecraft:crafting_table":2,"minecraft:porkchop":7,"minecraft:oak_log":3,"minecraft:oak_sapling":1,"minecraft:coal":15,"minecraft:dirt":5,"minecraft:cobblestone":14}},"DataVersion":3465}