{"stats":{"minecraft:custom":{"minecraft:interact_with_crafting_table":106,"minecraft:leave_game":13,"minecraft:time_since_death":52945,"minecraft:sprint_one_cm":802372,"minecraft:damage_blocked_by_shield":5170,"minecraft:drop":69,"minecraft:talked_to_villager":87,"minecraft:play_time":536617,"minecraft:deaths":4,"minecraft:jump":7856,"minecraft:interact_with_brewingstand":4,"minecraft:walk_on_water_one_cm":82866,"minecraft:interact_with_furnace":50,"minecraft:traded_with_villager":46,"minecraft:sleep_in_bed":31,"minecraft:damage_dealt":40022,"minecraft:crouch_one_cm":19323,"minecraft:horse_one_cm":3179371,"minecraft:mob_kills":224,"minecraft:climb_one_cm":448,"minecraft:walk_one_cm":1632129,"minecraft:sneak_time":7955,"minecraft:walk_under_water_one_cm":56643,"minecraft:boat_one_cm":85291,"minecraft:total_world_time":536617,"minecraft:raid_trigger":1,"minecraft:time_since_rest":9664,"minecraft:damage_taken":5827,"minecraft:swim_one_cm":103120,"minecraft:fly_one_cm":1629332,"minecraft:open_chest":146,"minecraft:fall_one_cm":144045},"minecraft:mined":{"minecraft:white_bed":7,"minecraft:cobblestone_stairs":4,"minecraft:brewing_stand":1,"minecraft:obsidian":14,"minecraft:granite":4,"minecraft:grass_block":711,"minecraft:composter":8,"minecraft:oxeye_daisy":1,"minecraft:spawner":1,"minecraft:iron_ore":2,"minecraft:cobbled_deepslate":10,"minecraft:fire":10,"minecraft:pumpkin":5,"minecraft:fletching_table":3,"minecraft:azure_bluet":1,"minecraft:water_cauldron":1,"minecraft:dirt_path":200,"minecraft:oak_stairs":1,"minecraft:deepslate_redstone_ore":9,"minecraft:brown_mushroom":6,"minecraft:blackstone":27,"minecraft:torch":8,"minecraft:poppy":4,"minecraft:chest":5,"minecraft:cobblestone":150,"minecraft:sugar_cane":140,"minecraft:oak_planks":52,"minecraft:wall_torch":4,"minecraft:white_terracotta":1,"minecraft:warped_nylium":8,"minecraft:warped_planks":1,"minecraft:birch_log":62,"minecraft:grass":466,"minecraft:oak_log":121,"minecraft:sand":86,"minecraft:dirt":433,"minecraft:netherrack":14,"minecraft:oak_leaves":17,"minecraft:deepslate":567,"minecraft:tuff":70,"minecraft:mossy_cobblestone":10,"minecraft:deepslate_diamond_ore":98,"minecraft:oak_door":2,"minecraft:nether_bricks":11,"minecraft:redstone_wire":8,"minecraft:sandstone":1,"minecraft:hay_block":11,"minecraft:oak_trapdoor":6,"minecraft:furnace":4,"minecraft:nether_sprouts":1,"minecraft:gold_block":1,"minecraft:nether_brick_fence":1,"minecraft:polished_deepslate":5,"minecraft:bookshelf":1,"minecraft:deepslate_iron_ore":10,"minecraft:warped_stem":6,"minecraft:stripped_oak_log":4,"minecraft:stone":38,"minecraft:glass_pane":10,"minecraft:basalt":65,"minecraft:dandelion":9,"minecraft:crafting_table":17,"minecraft:cornflower":2,"minecraft:warped_roots":1,"minecraft:lectern":55,"minecraft:tall_grass":32,"minecraft:lapis_ore":4,"minecraft:deepslate_gold_ore":1,"minecraft:birch_planks":1,"minecraft:birch_leaves":1,"minecraft:coal_ore":61,"minecraft:gravel":52},"minecraft:killed_by":{"minecraft:vindicator":1,"minecraft:witch":1,"minecraft:zombie":1,"minecraft:enderman":1},"minecraft:crafted":{"minecraft:oak_planks":584,"minecraft:blaze_powder":14,"minecraft:birch_boat":1,"minecraft:birch_slab":6,"minecraft:diamond_shovel":3,"minecraft:bookshelf":17,"minecraft:cooked_mutton":5,"minecraft:warped_planks":24,"minecraft:glass":4,"minecraft:iron_boots":1,"minecraft:diamond_helmet":2,"minecraft:bow":2,"minecraft:diamond_leggings":2,"minecraft:chest":3,"minecraft:ender_eye":5,"minecraft:glass_bottle":3,"minecraft:emerald":25,"minecraft:arrow":128,"minecraft:cooked_porkchop":9,"minecraft:diamond_axe":2,"minecraft:crafting_table":8,"minecraft:wooden_pickaxe":1,"minecraft:fletching_table":1,"minecraft:birch_planks":224,"minecraft:brewing_stand":1,"minecraft:lectern":1,"minecraft:iron_chestplate":1,"minecraft:book":50,"minecraft:paper":174,"minecraft:diamond_pickaxe":2,"minecraft:shield":3,"minecraft:stick":884,"minecraft:iron_ingot":18,"minecraft:iron_pickaxe":4,"minecraft:gold_ingot":9,"minecraft:leather_boots":1,"minecraft:furnace":2,"minecraft:flint_and_steel":1,"minecraft:polished_deepslate":340,"minecraft:iron_axe":1,"minecraft:stone_pickaxe":3,"minecraft:diamond_boots":2,"minecraft:dark_oak_planks":12,"minecraft:wheat":99,"minecraft:cooked_beef":18,"minecraft:sugar":1,"minecraft:diamond_sword":2,"minecraft:enchanting_table":1,"minecraft:iron_sword":2,"minecraft:bucket":1,"minecraft:stone_axe":2,"minecraft:bread":102,"minecraft:air":0,"minecraft:oak_boat":1,"minecraft:golden_apple":1,"minecraft:fermented_spider_eye":1,"minecraft:iron_shovel":1,"minecraft:white_bed":1,"minecraft:torch":156,"minecraft:diamond_chestplate":2},"minecraft:killed":{"minecraft:witch":4,"minecraft:spider":9,"minecraft:skeleton":15,"minecraft:magma_cube":22,"minecraft:pig":4,"minecraft:iron_golem":8,"minecraft:creeper":9,"minecraft:sheep":9,"minecraft:pillager":13,"minecraft:zombie":28,"minecraft:cow":58,"minecraft:blaze":16,"minecraft:vex":1,"minecraft:vindicator":3,"minecraft:horse":2,"minecraft:drowned":1,"minecraft:wither_skeleton":8,"minecraft:enderman":9},"minecraft:used":{"minecraft:iron_shovel":256,"minecraft:polished_deepslate":418,"minecraft:chest":7,"minecraft:white_terracotta":1,"minecraft:shield":103,"minecraft:iron_sword":134,"minecraft:iron_chestplate":1,"minecraft:tuff":6,"minecraft:obsidian":10,"minecraft:lava_bucket":1,"minecraft:villager_spawn_egg":9,"minecraft:grass_block":1,"minecraft:bow":43,"minecraft:furnace":6,"minecraft:diamond_boots":2,"minecraft:stone_pickaxe":71,"minecraft:oak_planks":362,"minecraft:blackstone":11,"minecraft:wooden_pickaxe":14,"minecraft:composter":8,"minecraft:diamond_axe":426,"minecraft:sugar_cane":75,"minecraft:bread":98,"minecraft:lectern":56,"minecraft:gravel":1,"minecraft:diamond_sword":421,"minecraft:oak_boat":16,"minecraft:enchanting_table":1,"minecraft:flint_and_steel":53,"minecraft:netherrack":4,"minecraft:torch":195,"minecraft:brewing_stand":1,"minecraft:dirt":799,"minecraft:diamond_helmet":1,"minecraft:bookshelf":16,"minecraft:iron_axe":125,"minecraft:oak_stairs":3,"minecraft:iron_boots":1,"minecraft:basalt":49,"minecraft:beef":1,"minecraft:cooked_beef":8,"minecraft:cobbled_deepslate":74,"minecraft:pumpkin":5,"minecraft:cooked_mutton":9,"minecraft:water_bucket":19,"minecraft:birch_planks":17,"minecraft:glass_bottle":3,"minecraft:birch_boat":4,"minecraft:fletching_table":4,"minecraft:oak_slab":4,"minecraft:crafting_table":22,"minecraft:white_bed":24,"minecraft:warped_planks":24,"minecraft:oak_log":1,"minecraft:diamond_pickaxe":825,"minecraft:diamond_shovel":1771,"minecraft:iron_pickaxe":364,"minecraft:stone_axe":104,"minecraft:cobblestone":319,"minecraft:white_banner":5,"minecraft:cooked_porkchop":1,"minecraft:bucket":21,"minecraft:diamond_leggings":1,"minecraft:splash_potion":1},"minecraft:picked_up":{"minecraft:iron_chestplate":2,"minecraft:wheat":36,"minecraft:nether_brick_fence":1,"minecraft:diamond_sword":2,"minecraft:oak_stairs":1,"minecraft:brewing_stand":1,"minecraft:golden_sword":4,"minecraft:polished_deepslate":5,"minecraft:string":33,"minecraft:diamond_leggings":2,"minecraft:cobbled_deepslate":616,"minecraft:iron_pickaxe":1,"minecraft:furnace":4,"minecraft:iron_boots":2,"minecraft:stick":56,"minecraft:composter":10,"minecraft:torch":26,"minecraft:porkchop":9,"minecraft:warped_planks":1,"minecraft:cauldron":1,"minecraft:goat_horn":2,"minecraft:rotten_flesh":55,"minecraft:white_terracotta":1,"minecraft:blaze_rod":8,"minecraft:obsidian":22,"minecraft:blaze_powder":13,"minecraft:cobblestone":300,"minecraft:birch_log":66,"minecraft:cooked_beef":5,"minecraft:magma_cream":5,"minecraft:golden_leggings":4,"minecraft:potato":3,"minecraft:flint":40,"minecraft:tuff":18,"minecraft:lapis_lazuli":46,"minecraft:map":5,"minecraft:dirt":1852,"minecraft:bone":48,"minecraft:bow":5,"minecraft:wheat_seeds":76,"minecraft:raw_gold":2,"minecraft:diamond_helmet":2,"minecraft:fletching_table":3,"minecraft:glowstone_dust":3,"minecraft:oak_planks":130,"minecraft:cooked_porkchop":9,"minecraft:sand":106,"minecraft:grass_block":1,"minecraft:dark_oak_log":9,"minecraft:mossy_cobblestone":19,"minecraft:diamond":134,"minecraft:crossbow":6,"minecraft:granite":9,"minecraft:bread":111,"minecraft:emerald":4,"minecraft:oak_sapling":2,"minecraft:netherrack":17,"minecraft:diamond_pickaxe":2,"minecraft:crafting_table":16,"minecraft:azure_bluet":3,"minecraft:nether_wart":80,"minecraft:brown_mushroom":6,"minecraft:wooden_pickaxe":2,"minecraft:gold_block":2,"minecraft:shield":3,"minecraft:cornflower":8,"minecraft:oak_trapdoor":6,"minecraft:iron_axe":2,"minecraft:flint_and_steel":8,"minecraft:blackstone":35,"minecraft:beef":111,"minecraft:oak_boat":18,"minecraft:poppy":46,"minecraft:lectern":55,"minecraft:chest":10,"minecraft:sugar_cane":189,"minecraft:egg":6,"minecraft:raw_iron":19,"minecraft:sandstone":3,"minecraft:oak_door":3,"minecraft:redstone":67,"minecraft:stone_shovel":2,"minecraft:arrow":22,"minecraft:diamond_chestplate":1,"minecraft:nether_bricks":13,"minecraft:diamond_boots":2,"minecraft:hay_block":11,"minecraft:totem_of_undying":1,"minecraft:saddle":2,"minecraft:glistering_melon_slice":36,"minecraft:mutton":38,"minecraft:white_wool":21,"minecraft:oxeye_daisy":4,"minecraft:stripped_oak_log":4,"minecraft:basalt":68,"minecraft:tripwire_hook":9,"minecraft:glow_ink_sac":15,"minecraft:leather":77,"minecraft:birch_planks":87,"minecraft:oak_log":164,"minecraft:gunpowder":52,"minecraft:cobblestone_stairs":8,"minecraft:paper":21,"minecraft:white_banner":9,"minecraft:cooked_mutton":7,"minecraft:warped_stem":6,"minecraft:iron_ingot":47,"minecraft:stone_pickaxe":4,"minecraft:book":3,"minecraft:warped_fungus":1,"minecraft:birch_boat":5,"minecraft:pumpkin":5,"minecraft:dandelion":102,"minecraft:gravel":95,"minecraft:white_bed":9,"minecraft:spider_eye":9,"minecraft:diamond_shovel":1,"minecraft:stone_axe":2,"minecraft:diamond_axe":2,"minecraft:warped_roots":2,"minecraft:warped_nylium":5,"minecraft:coal":62,"minecraft:ender_pearl":5},"minecraft:broken":{"minecraft:iron_shovel":1,"minecraft:stone_axe":1,"minecraft:shield":1,"minecraft:iron_pickaxe":1},"minecraft:dropped":{"minecraft:iron_sword":1,"minecraft:warped_fungus":1,"minecraft:cooked_beef":3,"minecraft:dirt":63,"minecraft:cornflower":4,"minecraft:sand":64,"minecraft:iron_pickaxe":1,"minecraft:gravel":17,"minecraft:stone_axe":1,"minecraft:wheat":9,"minecraft:rotten_flesh":24,"minecraft:diamond_shovel":1,"minecraft:nether_brick_fence":1,"minecraft:azure_bluet":3,"minecraft:warped_planks":1,"minecraft:poppy":33,"minecraft:leather_boots":1,"minecraft:netherrack":8,"minecraft:iron_ingot":12,"minecraft:bread":1,"minecraft:wheat_seeds":58,"minecraft:stick":4,"minecraft:oxeye_daisy":4,"minecraft:oak_stairs":1,"minecraft:iron_axe":1,"minecraft:dandelion":68,"minecraft:oak_trapdoor":6,"minecraft:stone_shovel":2,"minecraft:iron_boots":1,"minecraft:nether_bricks":10,"minecraft:potato":2,"minecraft:shield":1,"minecraft:golden_leggings":1,"minecraft:oak_boat":1,"minecraft:sandstone":2,"minecraft:stone_pickaxe":3}},"DataVersion":3465}