{"stats":{"minecraft:crafted":{"minecraft:oak_planks":56,"minecraft:arrow":16,"minecraft:emerald":36,"minecraft:cooked_porkchop":3,"minecraft:crafting_table":1,"minecraft:spruce_planks":524,"minecraft:iron_helmet":1,"minecraft:wooden_pickaxe":1,"minecraft:cooked_chicken":6,"minecraft:stone_axe":2,"minecraft:enchanted_book":1,"minecraft:cooked_mutton":9,"minecraft:bow":5,"minecraft:charcoal":60,"minecraft:shield":1,"minecraft:iron_axe":1,"minecraft:stick":1108,"minecraft:stone_pickaxe":1,"minecraft:wooden_axe":1,"minecraft:torch":4},"minecraft:mined":{"minecraft:podzol":5,"minecraft:dragon_wall_head":1,"minecraft:spruce_planks":3,"minecraft:oak_sapling":1,"minecraft:crafting_table":2,"minecraft:torch":12,"minecraft:grass_block":22,"minecraft:tall_grass":2,"minecraft:spruce_sapling":2,"minecraft:iron_ore":1,"minecraft:spruce_log":135,"minecraft:grass":11,"minecraft:oak_log":14,"minecraft:coal_ore":29,"minecraft:dirt_path":2,"minecraft:dirt":34,"minecraft:stripped_oak_log":1,"minecraft:stone":9,"minecraft:oak_leaves":59},"minecraft:custom":{"minecraft:interact_with_smithing_table":1,"minecraft:interact_with_furnace":14,"minecraft:mob_kills":39,"minecraft:traded_with_villager":43,"minecraft:interact_with_crafting_table":8,"minecraft:interact_with_stonecutter":2,"minecraft:interact_with_grindstone":3,"minecraft:leave_game":9,"minecraft:time_since_death":90311,"minecraft:sleep_in_bed":4,"minecraft:climb_one_cm":296,"minecraft:time_since_rest":12271,"minecraft:sprint_one_cm":235506,"minecraft:damage_taken":1851,"minecraft:walk_one_cm":317119,"minecraft:damage_blocked_by_shield":2050,"minecraft:drop":30,"minecraft:damage_dealt":8344,"minecraft:swim_one_cm":28245,"minecraft:talked_to_villager":43,"minecraft:fly_one_cm":302579,"minecraft:open_chest":68,"minecraft:crouch_one_cm":4923,"minecraft:play_time":114940,"minecraft:sneak_time":985,"minecraft:deaths":2,"minecraft:walk_under_water_one_cm":13537,"minecraft:interact_with_brewingstand":1,"minecraft:jump":1977,"minecraft:walk_on_water_one_cm":12560,"minecraft:total_world_time":114940,"minecraft:fall_one_cm":42921,"minecraft:horse_one_cm":48548},"minecraft:used":{"minecraft:cooked_mutton":7,"minecraft:diamond_boots":1,"minecraft:stone_pickaxe":28,"minecraft:oak_planks":8,"minecraft:spruce_planks":6,"minecraft:wooden_pickaxe":12,"minecraft:shield":74,"minecraft:cooked_chicken":4,"minecraft:rotten_flesh":4,"minecraft:white_wool":1,"minecraft:salmon":3,"minecraft:torch":11,"minecraft:dirt":40,"minecraft:mutton":1,"minecraft:crafting_table":3,"minecraft:white_bed":4,"minecraft:spruce_log":18,"minecraft:wooden_axe":18,"minecraft:diamond_shovel":22,"minecraft:iron_axe":76,"minecraft:iron_helmet":1,"minecraft:spruce_sapling":7,"minecraft:stone_axe":114,"minecraft:diamond_sword":90,"minecraft:cobblestone":2,"minecraft:oak_sapling":4,"minecraft:porkchop":16,"minecraft:cooked_porkchop":2,"minecraft:egg":3,"minecraft:stripped_oak_log":1,"minecraft:dragon_head":1,"minecraft:iron_leggings":1},"minecraft:broken":{"minecraft:stone_axe":1},"minecraft:killed_by":{"minecraft:zombie":1,"minecraft:iron_golem":1},"minecraft:dropped":{"minecraft:stone_axe":1,"minecraft:cooked_chicken":2,"minecraft:book":21,"minecraft:cooked_mutton":2,"minecraft:poppy":1,"minecraft:dirt":1,"minecraft:shield":2},"minecraft:picked_up":{"minecraft:wooden_axe":2,"minecraft:stripped_oak_log":1,"minecraft:charcoal":59,"minecraft:crafting_table":3,"minecraft:feather":5,"minecraft:chicken":6,"minecraft:salmon":5,"minecraft:diamond_sword":1,"minecraft:wooden_pickaxe":2,"minecraft:dragon_head":1,"minecraft:oak_log":14,"minecraft:shield":2,"minecraft:gunpowder":6,"minecraft:dirt":63,"minecraft:string":2,"minecraft:cooked_mutton":1,"minecraft:bone":5,"minecraft:wheat_seeds":1,"minecraft:raw_gold":1,"minecraft:spruce_planks":6,"minecraft:iron_ingot":29,"minecraft:stone_pickaxe":2,"minecraft:poppy":9,"minecraft:diamond_helmet":1,"minecraft:iron_sword":1,"minecraft:oak_planks":16,"minecraft:egg":3,"minecraft:raw_iron":2,"minecraft:stick":6,"minecraft:torch":17,"minecraft:porkchop":31,"minecraft:spruce_sapling":7,"minecraft:white_bed":4,"minecraft:spruce_log":145,"minecraft:arrow":4,"minecraft:rotten_flesh":2,"minecraft:diamond_chestplate":1,"minecraft:stone_axe":2,"minecraft:diamond_boots":1,"minecraft:iron_helmet":1,"minecraft:bone_meal":3,"minecraft:emerald":17,"minecraft:oak_sapling":4,"minecraft:mutton":14,"minecraft:coal":38,"minecraft:white_wool":10,"minecraft:cobblestone":12},"minecraft:killed":{"minecraft:pig":9,"minecraft:salmon":3,"minecraft:spider":1,"minecraft:iron_golem":4,"minecraft:creeper":1,"minecraft:sheep":8,"minecraft:skeleton":3,"minecraft:zombie":4,"minecraft:chicken":6}},"DataVersion":3465}