{"stats":{"minecraft:crafted":{"minecraft:oak_planks":20,"minecraft:charcoal":60,"minecraft:crafting_table":1,"minecraft:stick":12,"minecraft:wooden_pickaxe":1,"minecraft:stone_pickaxe":1,"minecraft:wooden_axe":1,"minecraft:torch":4,"minecraft:stone_axe":2},"minecraft:mined":{"minecraft:dragon_wall_head":1,"minecraft:iron_ore":1,"minecraft:crafting_table":2,"minecraft:torch":8,"minecraft:grass":2,"minecraft:oak_log":5,"minecraft:coal_ore":29,"minecraft:tall_grass":1,"minecraft:stone":9},"minecraft:custom":{"minecraft:interact_with_furnace":2,"minecraft:time_since_rest":13333,"minecraft:sprint_one_cm":82518,"minecraft:damage_taken":838,"minecraft:walk_one_cm":80398,"minecraft:mob_kills":16,"minecraft:drop":1,"minecraft:damage_dealt":3418,"minecraft:swim_one_cm":21043,"minecraft:interact_with_crafting_table":4,"minecraft:fly_one_cm":134366,"minecraft:open_chest":16,"minecraft:crouch_one_cm":1919,"minecraft:play_time":37929,"minecraft:deaths":2,"minecraft:sneak_time":243,"minecraft:walk_under_water_one_cm":10906,"minecraft:jump":804,"minecraft:interact_with_brewingstand":1,"minecraft:leave_game":7,"minecraft:time_since_death":13300,"minecraft:walk_on_water_one_cm":11231,"minecraft:sleep_in_bed":1,"minecraft:total_world_time":37929,"minecraft:fall_one_cm":17979,"minecraft:horse_one_cm":32738},"minecraft:used":{"minecraft:wooden_axe":18,"minecraft:diamond_boots":1,"minecraft:stone_pickaxe":28,"minecraft:iron_helmet":1,"minecraft:wooden_pickaxe":12,"minecraft:torch":8,"minecraft:stone_axe":32,"minecraft:salmon":3,"minecraft:diamond_sword":4,"minecraft:cobblestone":1,"minecraft:crafting_table":3,"minecraft:porkchop":5,"minecraft:dragon_head":1,"minecraft:iron_leggings":1},"minecraft:killed_by":{"minecraft:iron_golem":1,"minecraft:zombie":1},"minecraft:dropped":{"minecraft:stone_axe":1},"minecraft:picked_up":{"minecraft:wooden_axe":2,"minecraft:crafting_table":3,"minecraft:stick":4,"minecraft:raw_iron":2,"minecraft:salmon":5,"minecraft:torch":13,"minecraft:diamond_sword":1,"minecraft:wooden_pickaxe":2,"minecraft:porkchop":23,"minecraft:dragon_head":1,"minecraft:oak_log":5,"minecraft:gunpowder":4,"minecraft:dirt":1,"minecraft:rotten_flesh":2,"minecraft:diamond_chestplate":1,"minecraft:stone_axe":2,"minecraft:spruce_planks":4,"minecraft:diamond_boots":1,"minecraft:raw_gold":1,"minecraft:iron_helmet":1,"minecraft:iron_ingot":11,"minecraft:stone_pickaxe":2,"minecraft:bone_meal":3,"minecraft:poppy":6,"minecraft:iron_sword":1,"minecraft:mutton":9,"minecraft:oak_planks":12,"minecraft:coal":38,"minecraft:white_wool":7,"minecraft:cobblestone":11},"minecraft:killed":{"minecraft:sheep":4,"minecraft:zombie":2,"minecraft:pig":5,"minecraft:salmon":3,"minecraft:iron_golem":2}},"DataVersion":3465}