{"stats":{"minecraft:crafted":{"minecraft:oak_planks":20,"minecraft:crafting_table":1,"minecraft:spruce_planks":16,"minecraft:iron_helmet":1,"minecraft:wooden_pickaxe":1,"minecraft:stone_axe":2,"minecraft:cooked_mutton":5,"minecraft:charcoal":60,"minecraft:shield":1,"minecraft:stick":12,"minecraft:stone_pickaxe":1,"minecraft:wooden_axe":1,"minecraft:torch":4},"minecraft:mined":{"minecraft:dragon_wall_head":1,"minecraft:crafting_table":2,"minecraft:torch":10,"minecraft:grass_block":8,"minecraft:tall_grass":1,"minecraft:iron_ore":1,"minecraft:grass":2,"minecraft:coal_ore":29,"minecraft:oak_log":5,"minecraft:dirt":7,"minecraft:stone":9},"minecraft:custom":{"minecraft:interact_with_smithing_table":1,"minecraft:interact_with_furnace":6,"minecraft:mob_kills":21,"minecraft:interact_with_crafting_table":6,"minecraft:interact_with_stonecutter":1,"minecraft:leave_game":7,"minecraft:time_since_death":25300,"minecraft:sleep_in_bed":2,"minecraft:time_since_rest":5355,"minecraft:sprint_one_cm":103213,"minecraft:damage_taken":1080,"minecraft:walk_one_cm":133140,"minecraft:drop":2,"minecraft:damage_dealt":5620,"minecraft:swim_one_cm":21161,"minecraft:fly_one_cm":153464,"minecraft:open_chest":32,"minecraft:crouch_one_cm":2319,"minecraft:play_time":49929,"minecraft:deaths":2,"minecraft:sneak_time":316,"minecraft:walk_under_water_one_cm":11421,"minecraft:interact_with_brewingstand":1,"minecraft:jump":975,"minecraft:walk_on_water_one_cm":11578,"minecraft:total_world_time":49929,"minecraft:fall_one_cm":19814,"minecraft:horse_one_cm":48548},"minecraft:used":{"minecraft:cooked_mutton":3,"minecraft:diamond_boots":1,"minecraft:stone_pickaxe":28,"minecraft:oak_planks":8,"minecraft:spruce_planks":4,"minecraft:wooden_pickaxe":12,"minecraft:salmon":3,"minecraft:torch":10,"minecraft:dirt":15,"minecraft:crafting_table":3,"minecraft:wooden_axe":18,"minecraft:iron_helmet":1,"minecraft:stone_axe":32,"minecraft:diamond_sword":39,"minecraft:cobblestone":1,"minecraft:porkchop":11,"minecraft:dragon_head":1,"minecraft:iron_leggings":1},"minecraft:killed_by":{"minecraft:zombie":1,"minecraft:iron_golem":1},"minecraft:dropped":{"minecraft:stone_axe":1,"minecraft:cooked_mutton":1},"minecraft:picked_up":{"minecraft:wooden_axe":2,"minecraft:charcoal":59,"minecraft:crafting_table":3,"minecraft:salmon":5,"minecraft:diamond_sword":1,"minecraft:wooden_pickaxe":2,"minecraft:dragon_head":1,"minecraft:oak_log":5,"minecraft:gunpowder":6,"minecraft:string":2,"minecraft:dirt":18,"minecraft:raw_gold":1,"minecraft:spruce_planks":4,"minecraft:iron_ingot":24,"minecraft:stone_pickaxe":2,"minecraft:poppy":8,"minecraft:diamond_helmet":1,"minecraft:oak_planks":16,"minecraft:iron_sword":1,"minecraft:stick":4,"minecraft:raw_iron":2,"minecraft:torch":15,"minecraft:porkchop":24,"minecraft:white_bed":4,"minecraft:diamond_chestplate":1,"minecraft:rotten_flesh":2,"minecraft:stone_axe":2,"minecraft:diamond_boots":1,"minecraft:iron_helmet":1,"minecraft:bone_meal":3,"minecraft:emerald":17,"minecraft:mutton":9,"minecraft:coal":38,"minecraft:white_wool":7,"minecraft:cobblestone":11},"minecraft:killed":{"minecraft:pig":5,"minecraft:salmon":3,"minecraft:spider":1,"minecraft:iron_golem":3,"minecraft:creeper":1,"minecraft:skeleton":1,"minecraft:sheep":4,"minecraft:zombie":3}},"DataVersion":3465}