{"stats":{"minecraft:crafted":{"minecraft:oak_planks":56,"minecraft:arrow":16,"minecraft:emerald":62,"minecraft:cooked_porkchop":3,"minecraft:crafting_table":1,"minecraft:spruce_planks":856,"minecraft:iron_helmet":1,"minecraft:cooked_chicken":6,"minecraft:wooden_pickaxe":1,"minecraft:bone_meal":42,"minecraft:stone_axe":2,"minecraft:enchanted_book":2,"minecraft:cooked_mutton":9,"minecraft:bow":5,"minecraft:diamond_pickaxe":1,"minecraft:paper":51,"minecraft:charcoal":60,"minecraft:shield":1,"minecraft:iron_axe":1,"minecraft:stick":1792,"minecraft:stone_pickaxe":1,"minecraft:wooden_axe":1,"minecraft:torch":4},"minecraft:mined":{"minecraft:podzol":5,"minecraft:dragon_wall_head":1,"minecraft:spruce_planks":3,"minecraft:oak_sapling":1,"minecraft:crafting_table":2,"minecraft:torch":15,"minecraft:grass_block":22,"minecraft:tall_grass":2,"minecraft:spruce_leaves":2,"minecraft:sugar_cane":28,"minecraft:wall_torch":3,"minecraft:spruce_sapling":2,"minecraft:iron_ore":1,"minecraft:spruce_log":259,"minecraft:grass":12,"minecraft:coal_ore":29,"minecraft:oak_log":26,"minecraft:dirt_path":2,"minecraft:dirt":36,"minecraft:stripped_oak_log":1,"minecraft:stone":13,"minecraft:oak_leaves":59},"minecraft:custom":{"minecraft:interact_with_smithing_table":1,"minecraft:interact_with_furnace":14,"minecraft:interact_with_anvil":3,"minecraft:mob_kills":43,"minecraft:traded_with_villager":70,"minecraft:interact_with_crafting_table":10,"minecraft:interact_with_stonecutter":2,"minecraft:interact_with_grindstone":3,"minecraft:leave_game":13,"minecraft:time_since_death":124478,"minecraft:sleep_in_bed":6,"minecraft:climb_one_cm":296,"minecraft:time_since_rest":16212,"minecraft:sprint_one_cm":293750,"minecraft:damage_taken":2067,"minecraft:walk_one_cm":396958,"minecraft:damage_blocked_by_shield":2050,"minecraft:drop":32,"minecraft:damage_dealt":9869,"minecraft:swim_one_cm":28245,"minecraft:talked_to_villager":78,"minecraft:fly_one_cm":367854,"minecraft:open_chest":88,"minecraft:crouch_one_cm":7580,"minecraft:play_time":149107,"minecraft:sneak_time":1395,"minecraft:deaths":2,"minecraft:walk_under_water_one_cm":15859,"minecraft:interact_with_brewingstand":1,"minecraft:jump":2319,"minecraft:walk_on_water_one_cm":15827,"minecraft:total_world_time":149107,"minecraft:fall_one_cm":49354,"minecraft:horse_one_cm":48548},"minecraft:used":{"minecraft:cooked_mutton":8,"minecraft:diamond_boots":1,"minecraft:stone_pickaxe":28,"minecraft:oak_planks":8,"minecraft:spruce_planks":6,"minecraft:wooden_pickaxe":12,"minecraft:shield":74,"minecraft:cooked_chicken":4,"minecraft:rotten_flesh":4,"minecraft:white_wool":1,"minecraft:salmon":3,"minecraft:torch":15,"minecraft:dirt":56,"minecraft:mutton":1,"minecraft:crafting_table":3,"minecraft:white_bed":4,"minecraft:spruce_log":18,"minecraft:wooden_axe":18,"minecraft:diamond_pickaxe":7,"minecraft:diamond_shovel":22,"minecraft:iron_axe":216,"minecraft:iron_helmet":1,"minecraft:spruce_sapling":8,"minecraft:stone_axe":114,"minecraft:diamond_sword":110,"minecraft:cobblestone":2,"minecraft:oak_sapling":4,"minecraft:porkchop":16,"minecraft:cooked_porkchop":3,"minecraft:egg":3,"minecraft:stripped_oak_log":1,"minecraft:dragon_head":1,"minecraft:bone_meal":17,"minecraft:iron_leggings":1},"minecraft:broken":{"minecraft:stone_axe":1},"minecraft:killed_by":{"minecraft:zombie":1,"minecraft:iron_golem":1},"minecraft:dropped":{"minecraft:stone_axe":1,"minecraft:cooked_chicken":2,"minecraft:rotten_flesh":2,"minecraft:book":21,"minecraft:cooked_mutton":2,"minecraft:poppy":7,"minecraft:dirt":1,"minecraft:shield":2},"minecraft:picked_up":{"minecraft:wooden_axe":2,"minecraft:stripped_oak_log":1,"minecraft:charcoal":59,"minecraft:crafting_table":3,"minecraft:feather":5,"minecraft:chicken":6,"minecraft:salmon":5,"minecraft:diamond_sword":1,"minecraft:wooden_pickaxe":2,"minecraft:dragon_head":1,"minecraft:oak_log":26,"minecraft:shield":2,"minecraft:gunpowder":6,"minecraft:string":5,"minecraft:dirt":65,"minecraft:cooked_mutton":1,"minecraft:bone":5,"minecraft:apple":1,"minecraft:wheat_seeds":1,"minecraft:raw_gold":1,"minecraft:spruce_planks":6,"minecraft:iron_ingot":34,"minecraft:stone_pickaxe":2,"minecraft:poppy":15,"minecraft:diamond_helmet":1,"minecraft:sugar_cane":53,"minecraft:iron_sword":1,"minecraft:oak_planks":16,"minecraft:egg":3,"minecraft:raw_iron":2,"minecraft:stick":11,"minecraft:torch":22,"minecraft:porkchop":31,"minecraft:spruce_sapling":22,"minecraft:white_bed":4,"minecraft:spruce_log":268,"minecraft:arrow":4,"minecraft:rotten_flesh":4,"minecraft:diamond_chestplate":1,"minecraft:diamond":3,"minecraft:stone_axe":2,"minecraft:diamond_boots":1,"minecraft:iron_helmet":1,"minecraft:bone_meal":3,"minecraft:emerald":17,"minecraft:oak_sapling":4,"minecraft:mutton":14,"minecraft:coal":38,"minecraft:white_wool":10,"minecraft:cobblestone":12},"minecraft:killed":{"minecraft:pig":9,"minecraft:salmon":3,"minecraft:spider":3,"minecraft:iron_golem":5,"minecraft:creeper":1,"minecraft:sheep":8,"minecraft:skeleton":3,"minecraft:zombie":5,"minecraft:chicken":6}},"DataVersion":3465}