{"stats":{"minecraft:custom":{"minecraft:time_since_rest":11210,"minecraft:sprint_one_cm":49606,"minecraft:damage_taken":420,"minecraft:walk_one_cm":39809,"minecraft:mob_kills":12,"minecraft:damage_dealt":1208,"minecraft:swim_one_cm":17374,"minecraft:interact_with_crafting_table":3,"minecraft:fly_one_cm":83836,"minecraft:open_chest":1,"minecraft:crouch_one_cm":184,"minecraft:play_time":20881,"minecraft:deaths":1,"minecraft:sneak_time":78,"minecraft:walk_under_water_one_cm":7268,"minecraft:jump":472,"minecraft:leave_game":3,"minecraft:walk_on_water_one_cm":7880,"minecraft:time_since_death":11179,"minecraft:total_world_time":20881,"minecraft:fall_one_cm":10311},"minecraft:mined":{"minecraft:iron_ore":1,"minecraft:crafting_table":2,"minecraft:torch":6,"minecraft:grass":2,"minecraft:coal_ore":29,"minecraft:oak_log":5,"minecraft:tall_grass":1,"minecraft:stone":9},"minecraft:killed_by":{"minecraft:zombie":1},"minecraft:crafted":{"minecraft:oak_planks":20,"minecraft:crafting_table":1,"minecraft:stick":12,"minecraft:wooden_pickaxe":1,"minecraft:stone_pickaxe":1,"minecraft:wooden_axe":1,"minecraft:torch":4,"minecraft:stone_axe":1},"minecraft:used":{"minecraft:wooden_axe":18,"minecraft:stone_pickaxe":28,"minecraft:wooden_pickaxe":12,"minecraft:stone_axe":7,"minecraft:salmon":3,"minecraft:torch":6,"minecraft:crafting_table":2,"minecraft:porkchop":4},"minecraft:killed":{"minecraft:sheep":3,"minecraft:zombie":1,"minecraft:pig":5,"minecraft:salmon":3},"minecraft:picked_up":{"minecraft:wooden_axe":1,"minecraft:raw_iron":1,"minecraft:stick":3,"minecraft:crafting_table":3,"minecraft:salmon":5,"minecraft:torch":7,"minecraft:wooden_pickaxe":1,"minecraft:porkchop":15,"minecraft:oak_log":5,"minecraft:gunpowder":2,"minecraft:stone_pickaxe":1,"minecraft:bone_meal":2,"minecraft:mutton":4,"minecraft:oak_planks":4,"minecraft:coal":29,"minecraft:white_wool":3,"minecraft:cobblestone":10}},"DataVersion":3465}