{"stats":{"minecraft:custom":{"minecraft:time_since_rest":6037,"minecraft:sprint_one_cm":65853,"minecraft:damage_taken":770,"minecraft:walk_one_cm":62476,"minecraft:mob_kills":15,"minecraft:damage_dealt":3218,"minecraft:swim_one_cm":21043,"minecraft:interact_with_crafting_table":4,"minecraft:fly_one_cm":99287,"minecraft:open_chest":5,"minecraft:crouch_one_cm":1756,"minecraft:play_time":30633,"minecraft:deaths":2,"minecraft:sneak_time":228,"minecraft:walk_under_water_one_cm":10906,"minecraft:jump":601,"minecraft:interact_with_brewingstand":1,"minecraft:leave_game":7,"minecraft:time_since_death":6004,"minecraft:walk_on_water_one_cm":11231,"minecraft:sleep_in_bed":1,"minecraft:total_world_time":30633,"minecraft:fall_one_cm":13449,"minecraft:horse_one_cm":22623},"minecraft:mined":{"minecraft:iron_ore":1,"minecraft:crafting_table":2,"minecraft:torch":7,"minecraft:grass":2,"minecraft:oak_log":5,"minecraft:coal_ore":29,"minecraft:tall_grass":1,"minecraft:stone":9},"minecraft:killed_by":{"minecraft:iron_golem":1,"minecraft:zombie":1},"minecraft:crafted":{"minecraft:oak_planks":20,"minecraft:crafting_table":1,"minecraft:stick":12,"minecraft:wooden_pickaxe":1,"minecraft:stone_pickaxe":1,"minecraft:wooden_axe":1,"minecraft:torch":4,"minecraft:stone_axe":2},"minecraft:used":{"minecraft:wooden_axe":18,"minecraft:stone_pickaxe":28,"minecraft:wooden_pickaxe":12,"minecraft:torch":7,"minecraft:stone_axe":32,"minecraft:salmon":3,"minecraft:cobblestone":1,"minecraft:crafting_table":3,"minecraft:porkchop":4},"minecraft:killed":{"minecraft:sheep":4,"minecraft:zombie":1,"minecraft:pig":5,"minecraft:salmon":3,"minecraft:iron_golem":2},"minecraft:picked_up":{"minecraft:wooden_axe":2,"minecraft:crafting_table":3,"minecraft:stick":4,"minecraft:raw_iron":2,"minecraft:salmon":5,"minecraft:torch":12,"minecraft:wooden_pickaxe":2,"minecraft:porkchop":23,"minecraft:oak_log":5,"minecraft:gunpowder":4,"minecraft:stone_axe":1,"minecraft:raw_gold":1,"minecraft:iron_ingot":11,"minecraft:stone_pickaxe":2,"minecraft:bone_meal":3,"minecraft:poppy":6,"minecraft:mutton":9,"minecraft:oak_planks":8,"minecraft:coal":38,"minecraft:white_wool":7,"minecraft:cobblestone":11}},"DataVersion":3465}