{"stats":{"minecraft:custom":{"minecraft:interact_with_crafting_table":48,"minecraft:leave_game":18,"minecraft:time_since_death":60857,"minecraft:sprint_one_cm":1410769,"minecraft:damage_blocked_by_shield":1290,"minecraft:drop":105,"minecraft:talked_to_villager":14,"minecraft:play_time":481251,"minecraft:deaths":30,"minecraft:jump":7441,"minecraft:walk_on_water_one_cm":86654,"minecraft:interact_with_furnace":77,"minecraft:traded_with_villager":4,"minecraft:sleep_in_bed":26,"minecraft:damage_dealt":10857,"minecraft:player_kills":2,"minecraft:crouch_one_cm":41323,"minecraft:horse_one_cm":871057,"minecraft:mob_kills":62,"minecraft:climb_one_cm":2200,"minecraft:walk_one_cm":1116652,"minecraft:sneak_time":21036,"minecraft:walk_under_water_one_cm":68579,"minecraft:boat_one_cm":221900,"minecraft:interact_with_blast_furnace":3,"minecraft:total_world_time":481251,"minecraft:interact_with_stonecutter":1,"minecraft:time_since_rest":11020,"minecraft:damage_taken":13144,"minecraft:swim_one_cm":58143,"minecraft:fly_one_cm":1547592,"minecraft:open_chest":131,"minecraft:aviate_one_cm":46742,"minecraft:fall_one_cm":224869},"minecraft:mined":{"minecraft:white_bed":24,"minecraft:brewing_stand":1,"minecraft:obsidian":5,"minecraft:granite":50,"minecraft:grass_block":42,"minecraft:yellow_carpet":4,"minecraft:oak_pressure_plate":1,"minecraft:oxeye_daisy":1,"minecraft:tall_seagrass":1,"minecraft:iron_ore":76,"minecraft:cobbled_deepslate":8,"minecraft:fire":16,"minecraft:deepslate_lapis_ore":5,"minecraft:water_cauldron":3,"minecraft:dirt_path":2,"minecraft:deepslate_redstone_ore":13,"minecraft:torch":8,"minecraft:blast_furnace":2,"minecraft:chest":3,"minecraft:cobblestone":37,"minecraft:sugar_cane":111,"minecraft:oak_planks":27,"minecraft:iron_door":11,"minecraft:wall_torch":7,"minecraft:birch_log":2,"minecraft:wheat":78,"minecraft:grass":51,"minecraft:oak_log":57,"minecraft:sand":6,"minecraft:dirt":115,"minecraft:oak_leaves":22,"minecraft:deepslate":115,"minecraft:tuff":7,"minecraft:mossy_cobblestone":18,"minecraft:deepslate_diamond_ore":6,"minecraft:end_stone":42,"minecraft:dark_oak_fence":16,"minecraft:cartography_table":1,"minecraft:sandstone":1,"minecraft:hay_block":4,"minecraft:redstone_ore":2,"minecraft:furnace":6,"minecraft:andesite":39,"minecraft:potatoes":6,"minecraft:deepslate_iron_ore":28,"minecraft:stripped_oak_log":5,"minecraft:chorus_plant":2,"minecraft:stone":593,"minecraft:smithing_table":1,"minecraft:glass_pane":1,"minecraft:infested_stone_bricks":1,"minecraft:dandelion":2,"minecraft:crafting_table":7,"minecraft:lectern":1,"minecraft:copper_ore":4,"minecraft:tall_grass":2,"minecraft:lapis_ore":1,"minecraft:deepslate_gold_ore":22,"minecraft:diorite":46,"minecraft:white_carpet":4,"minecraft:birch_leaves":2,"minecraft:bee_nest":1,"minecraft:yellow_bed":2,"minecraft:coal_ore":34,"minecraft:cherry_leaves":16,"minecraft:gravel":24,"minecraft:stone_bricks":3,"minecraft:mossy_stone_bricks":2},"minecraft:killed_by":{"minecraft:creeper":3,"minecraft:witch":1,"minecraft:zombie":1,"minecraft:wolf":1,"minecraft:iron_golem":13,"minecraft:ender_dragon":1,"minecraft:skeleton":1},"minecraft:crafted":{"minecraft:oak_planks":140,"minecraft:oak_pressure_plate":9,"minecraft:cooked_chicken":1,"minecraft:stone":2,"minecraft:cooked_mutton":18,"minecraft:diamond_helmet":1,"minecraft:diamond_leggings":1,"minecraft:iron_boots":1,"minecraft:chest":1,"minecraft:arrow":16,"minecraft:emerald":2,"minecraft:diamond_axe":1,"minecraft:crafting_table":7,"minecraft:baked_potato":17,"minecraft:iron_helmet":1,"minecraft:birch_planks":8,"minecraft:iron_chestplate":1,"minecraft:charcoal":1,"minecraft:diamond_pickaxe":2,"minecraft:shield":2,"minecraft:stick":116,"minecraft:iron_ingot":18,"minecraft:sandstone":1,"minecraft:furnace":1,"minecraft:iron_axe":1,"minecraft:stone_pickaxe":1,"minecraft:wheat":36,"minecraft:cooked_beef":61,"minecraft:diamond_sword":1,"minecraft:bucket":1,"minecraft:deepslate_tiles":1,"minecraft:stone_axe":1,"minecraft:bread":40,"minecraft:oak_boat":2,"minecraft:iron_leggings":1,"minecraft:white_bed":1,"minecraft:diamond_chestplate":1,"minecraft:firework_rocket":72},"minecraft:killed":{"minecraft:spider":1,"minecraft:skeleton":5,"minecraft:chicken":6,"minecraft:pig":3,"minecraft:iron_golem":2,"minecraft:sheep":19,"minecraft:trader_llama":1,"minecraft:pillager":1,"minecraft:zombie":13,"minecraft:cow":2,"minecraft:villager":4},"minecraft:used":{"minecraft:chest":2,"minecraft:shield":24,"minecraft:iron_sword":15,"minecraft:rotten_flesh":3,"minecraft:iron_chestplate":4,"minecraft:mutton":9,"minecraft:iron_helmet":1,"minecraft:bow":1,"minecraft:furnace":5,"minecraft:egg":5,"minecraft:potato":10,"minecraft:diorite":32,"minecraft:leather_leggings":1,"minecraft:diamond_boots":1,"minecraft:stone_pickaxe":131,"minecraft:oak_planks":21,"minecraft:ender_pearl":7,"minecraft:sandstone":1,"minecraft:diamond_axe":179,"minecraft:sugar_cane":14,"minecraft:sand":3,"minecraft:blast_furnace":1,"minecraft:deepslate_tiles":1,"minecraft:firework_rocket":3,"minecraft:bread":46,"minecraft:lectern":1,"minecraft:oak_pressure_plate":1,"minecraft:gravel":6,"minecraft:diamond_sword":50,"minecraft:oak_boat":8,"minecraft:flint_and_steel":20,"minecraft:cooked_chicken":1,"minecraft:torch":14,"minecraft:brewing_stand":1,"minecraft:dirt":104,"minecraft:white_carpet":3,"minecraft:diamond_helmet":2,"minecraft:yellow_carpet":4,"minecraft:granite":14,"minecraft:iron_axe":194,"minecraft:iron_boots":3,"minecraft:diamond_chestplate":1,"minecraft:cooked_beef":31,"minecraft:cobbled_deepslate":123,"minecraft:iron_leggings":3,"minecraft:wheat_seeds":37,"minecraft:cooked_mutton":9,"minecraft:water_bucket":21,"minecraft:baked_potato":10,"minecraft:mossy_cobblestone":1,"minecraft:crafting_table":9,"minecraft:white_bed":20,"minecraft:diamond_pickaxe":654,"minecraft:apple":1,"minecraft:oxeye_daisy":1,"minecraft:diamond_shovel":97,"minecraft:chicken":4,"minecraft:iron_pickaxe":502,"minecraft:map":1,"minecraft:stone_axe":75,"minecraft:cobblestone":300,"minecraft:white_banner":1,"minecraft:porkchop":4,"minecraft:bucket":22,"minecraft:yellow_bed":3,"minecraft:splash_potion":2,"minecraft:diamond_leggings":2},"minecraft:picked_up":{"minecraft:iron_chestplate":5,"minecraft:wheat":67,"minecraft:smithing_table":2,"minecraft:lead":2,"minecraft:diamond_sword":5,"minecraft:brewing_stand":1,"minecraft:polished_deepslate":20,"minecraft:string":18,"minecraft:raw_copper":19,"minecraft:iron_leggings":1,"minecraft:deepslate_tiles":1,"minecraft:diamond_leggings":4,"minecraft:cobbled_deepslate":139,"minecraft:eye_armor_trim_smithing_template":2,"minecraft:ender_eye":17,"minecraft:iron_pickaxe":5,"minecraft:iron_boots":4,"minecraft:furnace":8,"minecraft:stick":61,"minecraft:torch":20,"minecraft:porkchop":4,"minecraft:diorite":41,"minecraft:cauldron":6,"minecraft:rotten_flesh":26,"minecraft:obsidian":3,"minecraft:cobblestone":847,"minecraft:birch_log":2,"minecraft:feather":8,"minecraft:cooked_beef":64,"minecraft:iron_door":2,"minecraft:water_bucket":1,"minecraft:andesite":52,"minecraft:brown_wool":3,"minecraft:potato":35,"minecraft:flint":6,"minecraft:tuff":4,"minecraft:dirt":277,"minecraft:lapis_lazuli":54,"minecraft:name_tag":2,"minecraft:bone":21,"minecraft:bow":5,"minecraft:wheat_seeds":208,"minecraft:raw_gold":22,"minecraft:diamond_helmet":4,"minecraft:oak_planks":93,"minecraft:music_disc_13":2,"minecraft:oak_pressure_plate":10,"minecraft:sand":76,"minecraft:mossy_cobblestone":6,"minecraft:yellow_carpet":12,"minecraft:diamond":41,"minecraft:granite":81,"minecraft:golden_apple":2,"minecraft:bread":57,"minecraft:emerald":8,"minecraft:oak_sapling":9,"minecraft:chorus_fruit":4,"minecraft:dark_oak_fence":12,"minecraft:diamond_pickaxe":6,"minecraft:crafting_table":8,"minecraft:azure_bluet":1,"minecraft:splash_potion":1,"minecraft:chicken":9,"minecraft:ladder":2,"minecraft:leather_leggings":1,"minecraft:shield":7,"minecraft:elytra":1,"minecraft:iron_axe":2,"minecraft:white_carpet":10,"minecraft:cartography_table":1,"minecraft:beef":6,"minecraft:oak_boat":10,"minecraft:poppy":6,"minecraft:lectern":1,"minecraft:sugar_cane":215,"minecraft:chest":6,"minecraft:birch_sapling":2,"minecraft:egg":14,"minecraft:raw_iron":99,"minecraft:end_stone":44,"minecraft:stone":2,"minecraft:redstone":67,"minecraft:carrot":1,"minecraft:arrow":94,"minecraft:diamond_chestplate":4,"minecraft:diamond_boots":4,"minecraft:hay_block":4,"minecraft:totem_of_undying":1,"minecraft:mutton":26,"minecraft:white_wool":23,"minecraft:oxeye_daisy":1,"minecraft:stripped_oak_log":7,"minecraft:leather":4,"minecraft:filled_map":3,"minecraft:oak_log":66,"minecraft:yellow_bed":3,"minecraft:gunpowder":35,"minecraft:white_banner":1,"minecraft:cooked_mutton":9,"minecraft:apple":4,"minecraft:stone_pickaxe":3,"minecraft:iron_ingot":26,"minecraft:iron_sword":4,"minecraft:book":2,"minecraft:birch_boat":1,"minecraft:dandelion":10,"minecraft:gravel":84,"minecraft:blast_furnace":3,"minecraft:white_bed":23,"minecraft:spider_eye":3,"minecraft:diamond_shovel":3,"minecraft:stone_axe":1,"minecraft:iron_helmet":4,"minecraft:diamond_axe":3,"minecraft:coal":82,"minecraft:ender_pearl":8},"minecraft:broken":{"minecraft:stone_pickaxe":1,"minecraft:iron_pickaxe":2},"minecraft:dropped":{"minecraft:birch_planks":5,"minecraft:oak_pressure_plate":9,"minecraft:cooked_beef":24,"minecraft:oak_log":23,"minecraft:baked_potato":6,"minecraft:ender_pearl":1,"minecraft:diamond":4,"minecraft:dirt":79,"minecraft:sand":3,"minecraft:bone":3,"minecraft:gravel":43,"minecraft:sugar_cane":4,"minecraft:cobbled_deepslate":17,"minecraft:wheat":2,"minecraft:obsidian":3,"minecraft:rotten_flesh":11,"minecraft:oak_planks":22,"minecraft:end_stone":46,"minecraft:white_bed":2,"minecraft:carrot":1,"minecraft:poppy":2,"minecraft:charcoal":1,"minecraft:ladder":2,"minecraft:arrow":157,"minecraft:egg":5,"minecraft:water_bucket":1,"minecraft:iron_ingot":8,"minecraft:bread":38,"minecraft:wheat_seeds":33,"minecraft:mossy_cobblestone":1,"minecraft:feather":3,"minecraft:cobblestone":148,"minecraft:apple":2,"minecraft:granite":2,"minecraft:stick":60,"minecraft:diorite":6,"minecraft:torch":1,"minecraft:brown_wool":2,"minecraft:diamond_helmet":1,"minecraft:string":9,"minecraft:dandelion":6,"minecraft:polished_deepslate":20,"minecraft:raw_iron":3,"minecraft:white_carpet":1,"minecraft:stripped_oak_log":1,"minecraft:ender_eye":11,"minecraft:totem_of_undying":1,"minecraft:diamond_sword":1,"minecraft:stone":4,"minecraft:diamond_chestplate":1,"minecraft:andesite":6,"minecraft:oak_sapling":4,"minecraft:oak_boat":2,"minecraft:spider_eye":1,"minecraft:diamond_boots":1,"minecraft:birch_boat":1,"minecraft:bow":1,"minecraft:stone_pickaxe":1}},"DataVersion":3465}