{"stats":{"minecraft:picked_up":{"minecraft:crafting_table":4,"minecraft:iron_chestplate":2,"minecraft:wheat":16,"minecraft:azure_bluet":1,"minecraft:chicken":3,"minecraft:ladder":2,"minecraft:leather_leggings":1,"minecraft:smithing_table":2,"minecraft:shield":4,"minecraft:string":18,"minecraft:iron_axe":2,"minecraft:raw_copper":19,"minecraft:white_carpet":10,"minecraft:cartography_table":1,"minecraft:cobbled_deepslate":90,"minecraft:beef":6,"minecraft:poppy":4,"minecraft:iron_pickaxe":4,"minecraft:sugar_cane":16,"minecraft:chest":6,"minecraft:birch_sapling":2,"minecraft:furnace":8,"minecraft:iron_boots":2,"minecraft:egg":3,"minecraft:stick":10,"minecraft:raw_iron":56,"minecraft:torch":13,"minecraft:diorite":37,"minecraft:carrot":1,"minecraft:redstone":67,"minecraft:cauldron":6,"minecraft:arrow":7,"minecraft:rotten_flesh":23,"minecraft:hay_block":4,"minecraft:mutton":15,"minecraft:cobblestone":406,"minecraft:white_wool":19,"minecraft:stripped_oak_log":5,"minecraft:feather":1,"minecraft:cooked_beef":15,"minecraft:andesite":32,"minecraft:potato":28,"minecraft:filled_map":2,"minecraft:flint":6,"minecraft:tuff":4,"minecraft:oak_log":42,"minecraft:gunpowder":10,"minecraft:dirt":70,"minecraft:name_tag":2,"minecraft:cooked_mutton":9,"minecraft:bone":13,"minecraft:apple":4,"minecraft:bow":2,"minecraft:wheat_seeds":31,"minecraft:raw_gold":14,"minecraft:stone_pickaxe":3,"minecraft:iron_ingot":20,"minecraft:iron_sword":3,"minecraft:oak_planks":43,"minecraft:book":2,"minecraft:birch_boat":1,"minecraft:music_disc_13":2,"minecraft:dandelion":7,"minecraft:oak_pressure_plate":10,"minecraft:gravel":40,"minecraft:sand":68,"minecraft:blast_furnace":3,"minecraft:white_bed":5,"minecraft:spider_eye":1,"minecraft:mossy_cobblestone":6,"minecraft:yellow_carpet":12,"minecraft:diamond":13,"minecraft:stone_axe":1,"minecraft:iron_helmet":2,"minecraft:granite":30,"minecraft:golden_apple":2,"minecraft:emerald":6,"minecraft:bread":5,"minecraft:oak_sapling":6,"minecraft:coal":82,"minecraft:diamond_pickaxe":1},"minecraft:used":{"minecraft:shield":14,"minecraft:iron_sword":2,"minecraft:cooked_chicken":1,"minecraft:rotten_flesh":2,"minecraft:iron_chestplate":3,"minecraft:torch":7,"minecraft:dirt":16,"minecraft:white_carpet":3,"minecraft:yellow_carpet":4,"minecraft:granite":14,"minecraft:iron_axe":166,"minecraft:iron_helmet":1,"minecraft:iron_boots":2,"minecraft:furnace":5,"minecraft:cooked_beef":6,"minecraft:potato":10,"minecraft:cobbled_deepslate":101,"minecraft:cooked_mutton":8,"minecraft:diorite":28,"minecraft:leather_leggings":1,"minecraft:stone_pickaxe":131,"minecraft:baked_potato":10,"minecraft:oak_planks":3,"minecraft:sugar_cane":2,"minecraft:mossy_cobblestone":1,"minecraft:sand":1,"minecraft:crafting_table":6,"minecraft:blast_furnace":1,"minecraft:white_bed":4,"minecraft:diamond_pickaxe":73,"minecraft:apple":1,"minecraft:iron_pickaxe":447,"minecraft:bread":17,"minecraft:map":1,"minecraft:oak_pressure_plate":1,"minecraft:gravel":6,"minecraft:stone_axe":75,"minecraft:cobblestone":182,"minecraft:oak_boat":1},"minecraft:killed_by":{"minecraft:creeper":1,"minecraft:iron_golem":12,"minecraft:skeleton":1,"minecraft:witch":1,"minecraft:zombie":1},"minecraft:crafted":{"minecraft:oak_planks":96,"minecraft:oak_pressure_plate":9,"minecraft:cooked_chicken":1,"minecraft:furnace":1,"minecraft:cooked_mutton":18,"minecraft:iron_axe":1,"minecraft:stone_pickaxe":1,"minecraft:wheat":36,"minecraft:cooked_beef":14,"minecraft:crafting_table":4,"minecraft:baked_potato":17,"minecraft:iron_helmet":1,"minecraft:stone_axe":1,"minecraft:bread":24,"minecraft:oak_boat":1,"minecraft:iron_chestplate":1,"minecraft:diamond_pickaxe":1,"minecraft:shield":1,"minecraft:stick":24,"minecraft:iron_ingot":10},"minecraft:custom":{"minecraft:mob_kills":27,"minecraft:interact_with_crafting_table":28,"minecraft:leave_game":9,"minecraft:time_since_death":32721,"minecraft:climb_one_cm":2200,"minecraft:sprint_one_cm":473934,"minecraft:walk_one_cm":493462,"minecraft:damage_blocked_by_shield":510,"minecraft:drop":42,"minecraft:talked_to_villager":6,"minecraft:play_time":196517,"minecraft:sneak_time":10362,"minecraft:deaths":19,"minecraft:walk_under_water_one_cm":54244,"minecraft:boat_one_cm":118235,"minecraft:jump":3102,"minecraft:interact_with_blast_furnace":3,"minecraft:walk_on_water_one_cm":47348,"minecraft:total_world_time":196517,"minecraft:interact_with_furnace":39,"minecraft:traded_with_villager":1,"minecraft:sleep_in_bed":6,"minecraft:time_since_rest":30106,"minecraft:damage_taken":7299,"minecraft:damage_dealt":5338,"minecraft:swim_one_cm":36873,"minecraft:fly_one_cm":468837,"minecraft:player_kills":2,"minecraft:open_chest":29,"minecraft:crouch_one_cm":14326,"minecraft:fall_one_cm":99366},"minecraft:killed":{"minecraft:spider":1,"minecraft:skeleton":2,"minecraft:chicken":2,"minecraft:iron_golem":1,"minecraft:sheep":13,"minecraft:zombie":6,"minecraft:cow":2},"minecraft:mined":{"minecraft:tuff":7,"minecraft:white_bed":5,"minecraft:mossy_cobblestone":18,"minecraft:deepslate_diamond_ore":2,"minecraft:granite":26,"minecraft:grass_block":12,"minecraft:yellow_carpet":4,"minecraft:oak_pressure_plate":1,"minecraft:cartography_table":1,"minecraft:hay_block":4,"minecraft:tall_seagrass":1,"minecraft:redstone_ore":2,"minecraft:furnace":6,"minecraft:iron_ore":49,"minecraft:cobbled_deepslate":5,"minecraft:andesite":19,"minecraft:deepslate_iron_ore":10,"minecraft:water_cauldron":3,"minecraft:stripped_oak_log":5,"minecraft:stone":265,"minecraft:smithing_table":1,"minecraft:deepslate_redstone_ore":13,"minecraft:glass_pane":1,"minecraft:dandelion":1,"minecraft:crafting_table":4,"minecraft:torch":3,"minecraft:blast_furnace":2,"minecraft:chest":3,"minecraft:copper_ore":4,"minecraft:cobblestone":28,"minecraft:deepslate_gold_ore":14,"minecraft:sugar_cane":4,"minecraft:oak_planks":3,"minecraft:diorite":42,"minecraft:wall_torch":5,"minecraft:wheat":13,"minecraft:white_carpet":4,"minecraft:birch_leaves":1,"minecraft:bee_nest":1,"minecraft:grass":30,"minecraft:oak_log":41,"minecraft:coal_ore":34,"minecraft:gravel":19,"minecraft:sand":1,"minecraft:dirt":21,"minecraft:oak_leaves":5,"minecraft:deepslate":73},"minecraft:broken":{"minecraft:stone_pickaxe":1,"minecraft:iron_pickaxe":1},"minecraft:dropped":{"minecraft:iron_ingot":6,"minecraft:wheat_seeds":31,"minecraft:oak_pressure_plate":9,"minecraft:oak_log":23,"minecraft:baked_potato":6,"minecraft:mossy_cobblestone":1,"minecraft:diamond":4,"minecraft:feather":1,"minecraft:cobblestone":21,"minecraft:apple":2,"minecraft:stick":12,"minecraft:dirt":26,"minecraft:sand":2,"minecraft:string":9,"minecraft:dandelion":5,"minecraft:bone":1,"minecraft:gravel":17,"minecraft:sugar_cane":4,"minecraft:raw_iron":3,"minecraft:white_carpet":1,"minecraft:rotten_flesh":11,"minecraft:oak_planks":17,"minecraft:carrot":1,"minecraft:oak_sapling":4,"minecraft:ladder":2,"minecraft:birch_boat":1,"minecraft:stone_pickaxe":1,"minecraft:egg":3}},"DataVersion":3465}