{"stats":{"minecraft:picked_up":{"minecraft:crafting_table":3,"minecraft:wheat":16,"minecraft:azure_bluet":1,"minecraft:chicken":3,"minecraft:ladder":2,"minecraft:leather_leggings":1,"minecraft:smithing_table":2,"minecraft:shield":2,"minecraft:string":18,"minecraft:raw_copper":2,"minecraft:white_carpet":10,"minecraft:cartography_table":1,"minecraft:cobbled_deepslate":80,"minecraft:beef":6,"minecraft:iron_pickaxe":2,"minecraft:sugar_cane":10,"minecraft:chest":6,"minecraft:birch_sapling":1,"minecraft:furnace":8,"minecraft:egg":3,"minecraft:stick":4,"minecraft:raw_iron":15,"minecraft:torch":9,"minecraft:diorite":19,"minecraft:carrot":1,"minecraft:redstone":36,"minecraft:cauldron":6,"minecraft:arrow":6,"minecraft:rotten_flesh":21,"minecraft:hay_block":4,"minecraft:mutton":15,"minecraft:cobblestone":262,"minecraft:white_wool":19,"minecraft:stripped_oak_log":1,"minecraft:feather":1,"minecraft:cooked_beef":9,"minecraft:andesite":8,"minecraft:potato":28,"minecraft:flint":2,"minecraft:tuff":4,"minecraft:oak_log":30,"minecraft:gunpowder":10,"minecraft:dirt":44,"minecraft:name_tag":2,"minecraft:cooked_mutton":7,"minecraft:bone":13,"minecraft:apple":4,"minecraft:bow":2,"minecraft:wheat_seeds":31,"minecraft:raw_gold":14,"minecraft:iron_ingot":9,"minecraft:stone_pickaxe":3,"minecraft:iron_sword":1,"minecraft:oak_planks":27,"minecraft:book":2,"minecraft:birch_boat":1,"minecraft:music_disc_13":2,"minecraft:dandelion":7,"minecraft:oak_pressure_plate":10,"minecraft:gravel":22,"minecraft:sand":68,"minecraft:blast_furnace":3,"minecraft:white_bed":4,"minecraft:mossy_cobblestone":6,"minecraft:yellow_carpet":12,"minecraft:diamond":2,"minecraft:stone_axe":1,"minecraft:granite":13,"minecraft:golden_apple":2,"minecraft:bread":5,"minecraft:oak_sapling":6,"minecraft:coal":74},"minecraft:used":{"minecraft:shield":1,"minecraft:iron_sword":2,"minecraft:cooked_chicken":1,"minecraft:torch":5,"minecraft:dirt":8,"minecraft:white_carpet":3,"minecraft:yellow_carpet":4,"minecraft:granite":5,"minecraft:iron_axe":86,"minecraft:iron_boots":1,"minecraft:furnace":5,"minecraft:cooked_beef":4,"minecraft:potato":10,"minecraft:cobbled_deepslate":99,"minecraft:cooked_mutton":8,"minecraft:diorite":15,"minecraft:leather_leggings":1,"minecraft:stone_pickaxe":131,"minecraft:baked_potato":10,"minecraft:oak_planks":1,"minecraft:mossy_cobblestone":1,"minecraft:sand":1,"minecraft:crafting_table":5,"minecraft:blast_furnace":1,"minecraft:white_bed":3,"minecraft:apple":1,"minecraft:bread":11,"minecraft:iron_pickaxe":314,"minecraft:map":1,"minecraft:oak_pressure_plate":1,"minecraft:stone_axe":75,"minecraft:cobblestone":104},"minecraft:killed_by":{"minecraft:creeper":1,"minecraft:iron_golem":10,"minecraft:skeleton":1,"minecraft:witch":1,"minecraft:zombie":1},"minecraft:crafted":{"minecraft:oak_planks":32,"minecraft:oak_pressure_plate":9,"minecraft:cooked_chicken":1,"minecraft:furnace":1,"minecraft:cooked_mutton":18,"minecraft:iron_axe":1,"minecraft:stone_pickaxe":1,"minecraft:wheat":36,"minecraft:cooked_beef":14,"minecraft:crafting_table":3,"minecraft:baked_potato":17,"minecraft:stone_axe":1,"minecraft:bread":17,"minecraft:stick":16,"minecraft:iron_ingot":2},"minecraft:custom":{"minecraft:mob_kills":23,"minecraft:interact_with_crafting_table":19,"minecraft:leave_game":8,"minecraft:time_since_death":14578,"minecraft:climb_one_cm":2200,"minecraft:sprint_one_cm":395720,"minecraft:walk_one_cm":411644,"minecraft:damage_blocked_by_shield":80,"minecraft:drop":38,"minecraft:talked_to_villager":4,"minecraft:play_time":153610,"minecraft:deaths":17,"minecraft:sneak_time":4288,"minecraft:walk_under_water_one_cm":32249,"minecraft:boat_one_cm":27605,"minecraft:jump":2698,"minecraft:interact_with_blast_furnace":3,"minecraft:walk_on_water_one_cm":35305,"minecraft:total_world_time":153610,"minecraft:interact_with_furnace":33,"minecraft:sleep_in_bed":4,"minecraft:time_since_rest":14605,"minecraft:damage_taken":6431,"minecraft:damage_dealt":3426,"minecraft:swim_one_cm":21811,"minecraft:fly_one_cm":402433,"minecraft:player_kills":2,"minecraft:open_chest":15,"minecraft:crouch_one_cm":6180,"minecraft:fall_one_cm":86529},"minecraft:killed":{"minecraft:skeleton":1,"minecraft:chicken":2,"minecraft:sheep":13,"minecraft:zombie":5,"minecraft:cow":2},"minecraft:mined":{"minecraft:tuff":7,"minecraft:white_bed":4,"minecraft:mossy_cobblestone":18,"minecraft:deepslate_diamond_ore":2,"minecraft:granite":15,"minecraft:grass_block":10,"minecraft:yellow_carpet":4,"minecraft:oak_pressure_plate":1,"minecraft:cartography_table":1,"minecraft:hay_block":4,"minecraft:furnace":6,"minecraft:iron_ore":13,"minecraft:cobbled_deepslate":1,"minecraft:andesite":11,"minecraft:water_cauldron":3,"minecraft:deepslate_iron_ore":3,"minecraft:stripped_oak_log":1,"minecraft:stone":185,"minecraft:smithing_table":1,"minecraft:deepslate_redstone_ore":8,"minecraft:glass_pane":1,"minecraft:dandelion":1,"minecraft:crafting_table":3,"minecraft:torch":2,"minecraft:blast_furnace":2,"minecraft:chest":3,"minecraft:copper_ore":1,"minecraft:cobblestone":27,"minecraft:deepslate_gold_ore":14,"minecraft:sugar_cane":4,"minecraft:oak_planks":3,"minecraft:diorite":19,"minecraft:wall_torch":5,"minecraft:wheat":13,"minecraft:white_carpet":4,"minecraft:birch_leaves":1,"minecraft:bee_nest":1,"minecraft:grass":29,"minecraft:oak_log":29,"minecraft:coal_ore":26,"minecraft:gravel":9,"minecraft:sand":1,"minecraft:dirt":13,"minecraft:oak_leaves":5,"minecraft:deepslate":67},"minecraft:broken":{"minecraft:stone_pickaxe":1,"minecraft:iron_pickaxe":1},"minecraft:dropped":{"minecraft:iron_ingot":2,"minecraft:wheat_seeds":31,"minecraft:oak_pressure_plate":9,"minecraft:oak_log":23,"minecraft:baked_potato":6,"minecraft:mossy_cobblestone":1,"minecraft:feather":1,"minecraft:cobblestone":21,"minecraft:apple":2,"minecraft:stick":12,"minecraft:dirt":26,"minecraft:sand":2,"minecraft:string":9,"minecraft:dandelion":5,"minecraft:bone":1,"minecraft:gravel":17,"minecraft:raw_iron":3,"minecraft:white_carpet":1,"minecraft:rotten_flesh":11,"minecraft:oak_planks":17,"minecraft:carrot":1,"minecraft:oak_sapling":4,"minecraft:ladder":2,"minecraft:birch_boat":1,"minecraft:stone_pickaxe":1,"minecraft:egg":3}},"DataVersion":3465}