{"stats":{"minecraft:custom":{"minecraft:interact_with_furnace":21,"minecraft:mob_kills":22,"minecraft:interact_with_crafting_table":11,"minecraft:time_since_death":21325,"minecraft:sleep_in_bed":4,"minecraft:climb_one_cm":2200,"minecraft:time_since_rest":1696,"minecraft:sprint_one_cm":182998,"minecraft:damage_taken":1226,"minecraft:walk_one_cm":199528,"minecraft:damage_blocked_by_shield":80,"minecraft:drop":28,"minecraft:damage_dealt":2375,"minecraft:talked_to_villager":3,"minecraft:swim_one_cm":4824,"minecraft:fly_one_cm":195767,"minecraft:open_chest":6,"minecraft:crouch_one_cm":986,"minecraft:play_time":65519,"minecraft:deaths":1,"minecraft:sneak_time":1117,"minecraft:walk_under_water_one_cm":9956,"minecraft:jump":1238,"minecraft:interact_with_blast_furnace":3,"minecraft:walk_on_water_one_cm":16167,"minecraft:total_world_time":65519,"minecraft:fall_one_cm":36454},"minecraft:crafted":{"minecraft:cooked_beef":8,"minecraft:oak_planks":32,"minecraft:crafting_table":3,"minecraft:baked_potato":17,"minecraft:cooked_chicken":1,"minecraft:furnace":1,"minecraft:stone_axe":1,"minecraft:bread":14,"minecraft:cooked_mutton":8,"minecraft:iron_axe":1,"minecraft:stick":12,"minecraft:iron_ingot":2,"minecraft:wheat":36},"minecraft:killed":{"minecraft:skeleton":1,"minecraft:sheep":13,"minecraft:zombie":4,"minecraft:chicken":2,"minecraft:cow":2},"minecraft:mined":{"minecraft:smithing_table":1,"minecraft:white_bed":3,"minecraft:glass_pane":1,"minecraft:mossy_cobblestone":1,"minecraft:dandelion":1,"minecraft:crafting_table":2,"minecraft:torch":1,"minecraft:blast_furnace":2,"minecraft:grass_block":8,"minecraft:chest":3,"minecraft:cobblestone":6,"minecraft:sugar_cane":4,"minecraft:cartography_table":1,"minecraft:oak_planks":3,"minecraft:wall_torch":1,"minecraft:diorite":10,"minecraft:hay_block":4,"minecraft:furnace":4,"minecraft:iron_ore":5,"minecraft:wheat":13,"minecraft:white_carpet":1,"minecraft:andesite":1,"minecraft:bee_nest":1,"minecraft:grass":21,"minecraft:coal_ore":26,"minecraft:oak_log":29,"minecraft:water_cauldron":3,"minecraft:deepslate_iron_ore":3,"minecraft:sand":1,"minecraft:dirt":9,"minecraft:stripped_oak_log":1,"minecraft:stone":93,"minecraft:oak_leaves":3,"minecraft:deepslate":4},"minecraft:killed_by":{"minecraft:zombie":1},"minecraft:dropped":{"minecraft:wheat_seeds":31,"minecraft:oak_log":23,"minecraft:mossy_cobblestone":1,"minecraft:raw_iron":3,"minecraft:feather":1,"minecraft:white_carpet":1,"minecraft:cobblestone":1,"minecraft:rotten_flesh":11,"minecraft:oak_planks":1,"minecraft:carrot":1,"minecraft:stick":6,"minecraft:dirt":21,"minecraft:oak_sapling":4,"minecraft:ladder":2,"minecraft:sand":2,"minecraft:stone_pickaxe":1,"minecraft:string":9,"minecraft:egg":3,"minecraft:bone":1,"minecraft:dandelion":5},"minecraft:used":{"minecraft:cooked_mutton":1,"minecraft:diorite":10,"minecraft:leather_leggings":1,"minecraft:stone_pickaxe":37,"minecraft:baked_potato":6,"minecraft:oak_planks":1,"minecraft:shield":1,"minecraft:torch":2,"minecraft:mossy_cobblestone":1,"minecraft:sand":1,"minecraft:dirt":7,"minecraft:crafting_table":3,"minecraft:blast_furnace":1,"minecraft:white_bed":2,"minecraft:apple":1,"minecraft:iron_axe":61,"minecraft:bread":9,"minecraft:iron_pickaxe":130,"minecraft:stone_axe":75,"minecraft:cobblestone":20,"minecraft:furnace":3,"minecraft:cooked_beef":2,"minecraft:potato":10},"minecraft:picked_up":{"minecraft:stripped_oak_log":1,"minecraft:crafting_table":1,"minecraft:wheat":16,"minecraft:feather":1,"minecraft:ladder":2,"minecraft:cooked_beef":8,"minecraft:chicken":3,"minecraft:leather_leggings":1,"minecraft:smithing_table":2,"minecraft:potato":28,"minecraft:oak_log":30,"minecraft:shield":2,"minecraft:gunpowder":10,"minecraft:string":18,"minecraft:dirt":38,"minecraft:name_tag":2,"minecraft:white_carpet":1,"minecraft:cooked_mutton":7,"minecraft:bone":13,"minecraft:apple":4,"minecraft:bow":2,"minecraft:wheat_seeds":31,"minecraft:cartography_table":1,"minecraft:cobbled_deepslate":5,"minecraft:beef":6,"minecraft:iron_ingot":6,"minecraft:stone_pickaxe":2,"minecraft:iron_pickaxe":2,"minecraft:sugar_cane":10,"minecraft:chest":6,"minecraft:oak_planks":5,"minecraft:furnace":6,"minecraft:egg":3,"minecraft:book":2,"minecraft:stick":4,"minecraft:raw_iron":7,"minecraft:music_disc_13":2,"minecraft:torch":2,"minecraft:dandelion":7,"minecraft:sand":4,"minecraft:carrot":1,"minecraft:blast_furnace":3,"minecraft:diorite":10,"minecraft:white_bed":3,"minecraft:cauldron":6,"minecraft:mossy_cobblestone":2,"minecraft:arrow":6,"minecraft:rotten_flesh":19,"minecraft:stone_axe":1,"minecraft:hay_block":4,"minecraft:golden_apple":2,"minecraft:bread":5,"minecraft:coal":54,"minecraft:oak_sapling":6,"minecraft:mutton":15,"minecraft:cobblestone":155,"minecraft:white_wool":17}},"DataVersion":3465}