{"stats":{"minecraft:custom":{"minecraft:time_since_rest":5519,"minecraft:play_time":5519,"minecraft:sprint_one_cm":15881,"minecraft:damage_taken":45,"minecraft:walk_one_cm":19811,"minecraft:drop":1,"minecraft:jump":162,"minecraft:time_since_death":5519,"minecraft:walk_on_water_one_cm":549,"minecraft:total_world_time":5519,"minecraft:interact_with_crafting_table":1,"minecraft:fall_one_cm":6465,"minecraft:fly_one_cm":26392},"minecraft:crafted":{"minecraft:oak_planks":8,"minecraft:crafting_table":1,"minecraft:stick":4},"minecraft:mined":{"minecraft:grass":3,"minecraft:grass_block":3,"minecraft:oak_log":1,"minecraft:sand":1,"minecraft:dirt":3,"minecraft:oak_leaves":3,"minecraft:bee_nest":1},"minecraft:dropped":{"minecraft:stick":4},"minecraft:used":{"minecraft:crafting_table":1},"minecraft:picked_up":{"minecraft:stick":4,"minecraft:stone_pickaxe":1,"minecraft:sand":1,"minecraft:oak_log":2,"minecraft:dirt":6}},"DataVersion":3465}