{"stats":{"minecraft:crafted":{"minecraft:oak_planks":140,"minecraft:oak_pressure_plate":9,"minecraft:cooked_chicken":1,"minecraft:stone":2,"minecraft:cooked_mutton":18,"minecraft:diamond_helmet":1,"minecraft:diamond_leggings":1,"minecraft:iron_boots":1,"minecraft:chest":1,"minecraft:emerald":25,"minecraft:arrow":16,"minecraft:diamond_axe":2,"minecraft:crafting_table":7,"minecraft:spruce_planks":356,"minecraft:iron_helmet":1,"minecraft:baked_potato":17,"minecraft:fletching_table":7,"minecraft:birch_planks":8,"minecraft:paper":126,"minecraft:iron_chestplate":1,"minecraft:charcoal":1,"minecraft:diamond_pickaxe":2,"minecraft:shield":2,"minecraft:stick":692,"minecraft:iron_ingot":18,"minecraft:sandstone":1,"minecraft:furnace":2,"minecraft:bone_meal":30,"minecraft:iron_axe":1,"minecraft:stone_pickaxe":1,"minecraft:dark_oak_planks":24,"minecraft:wheat":36,"minecraft:cooked_beef":61,"minecraft:diamond_sword":1,"minecraft:bucket":1,"minecraft:deepslate_tiles":1,"minecraft:stone_axe":1,"minecraft:bread":136,"minecraft:oak_boat":2,"minecraft:iron_leggings":1,"minecraft:white_bed":1,"minecraft:pumpkin_pie":24,"minecraft:diamond_chestplate":1,"minecraft:firework_rocket":72},"minecraft:mined":{"minecraft:dark_oak_planks":6,"minecraft:white_bed":24,"minecraft:farmland":1,"minecraft:cobblestone_stairs":5,"minecraft:brewing_stand":1,"minecraft:obsidian":5,"minecraft:granite":50,"minecraft:grass_block":259,"minecraft:yellow_carpet":4,"minecraft:oak_pressure_plate":1,"minecraft:oxeye_daisy":1,"minecraft:tall_seagrass":1,"minecraft:iron_ore":76,"minecraft:cobbled_deepslate":8,"minecraft:fire":28,"minecraft:deepslate_lapis_ore":5,"minecraft:water_cauldron":3,"minecraft:dirt_path":79,"minecraft:deepslate_redstone_ore":13,"minecraft:torch":8,"minecraft:blast_furnace":3,"minecraft:melon":4,"minecraft:chest":7,"minecraft:cobblestone":53,"minecraft:sugar_cane":196,"minecraft:oak_planks":27,"minecraft:iron_door":11,"minecraft:wall_torch":7,"minecraft:birch_log":2,"minecraft:wheat":78,"minecraft:light_gray_wool":2,"minecraft:grass":59,"minecraft:oak_log":62,"minecraft:sand":11,"minecraft:dirt":658,"minecraft:oak_leaves":26,"minecraft:deepslate":115,"minecraft:tuff":7,"minecraft:mossy_cobblestone":18,"minecraft:deepslate_diamond_ore":6,"minecraft:end_stone":42,"minecraft:dark_oak_fence":16,"minecraft:spruce_leaves":5,"minecraft:cartography_table":1,"minecraft:sandstone":1,"minecraft:large_fern":1,"minecraft:hay_block":4,"minecraft:redstone_ore":2,"minecraft:furnace":6,"minecraft:andesite":40,"minecraft:polished_deepslate":3,"minecraft:potatoes":6,"minecraft:deepslate_iron_ore":28,"minecraft:stripped_oak_log":5,"minecraft:chorus_plant":2,"minecraft:stone":1025,"minecraft:smithing_table":1,"minecraft:glass_pane":7,"minecraft:infested_stone_bricks":1,"minecraft:dandelion":2,"minecraft:crafting_table":7,"minecraft:lectern":3,"minecraft:copper_ore":11,"minecraft:tall_grass":3,"minecraft:lapis_ore":1,"minecraft:deepslate_gold_ore":22,"minecraft:diorite":46,"minecraft:blue_bed":2,"minecraft:purple_bed":1,"minecraft:birch_planks":1,"minecraft:cobblestone_wall":1,"minecraft:sweet_berry_bush":2,"minecraft:spruce_log":162,"minecraft:white_carpet":4,"minecraft:birch_leaves":2,"minecraft:bee_nest":1,"minecraft:yellow_bed":2,"minecraft:black_wool":2,"minecraft:coal_ore":34,"minecraft:cherry_leaves":16,"minecraft:gravel":73,"minecraft:stone_bricks":3,"minecraft:mossy_stone_bricks":2},"minecraft:custom":{"minecraft:interact_with_crafting_table":56,"minecraft:leave_game":20,"minecraft:time_since_death":87410,"minecraft:sprint_one_cm":1826579,"minecraft:damage_blocked_by_shield":1290,"minecraft:drop":205,"minecraft:talked_to_villager":27,"minecraft:play_time":615241,"minecraft:deaths":35,"minecraft:jump":8671,"minecraft:walk_on_water_one_cm":102511,"minecraft:interact_with_furnace":86,"minecraft:traded_with_villager":49,"minecraft:sleep_in_bed":32,"minecraft:damage_dealt":12392,"minecraft:player_kills":2,"minecraft:crouch_one_cm":48280,"minecraft:horse_one_cm":1751418,"minecraft:mob_kills":72,"minecraft:climb_one_cm":2200,"minecraft:walk_one_cm":1437778,"minecraft:sneak_time":22978,"minecraft:walk_under_water_one_cm":75401,"minecraft:boat_one_cm":610131,"minecraft:interact_with_blast_furnace":3,"minecraft:total_world_time":615241,"minecraft:interact_with_stonecutter":1,"minecraft:time_since_rest":8695,"minecraft:damage_taken":15230,"minecraft:swim_one_cm":63816,"minecraft:fly_one_cm":1760028,"minecraft:open_chest":168,"minecraft:aviate_one_cm":46742,"minecraft:fall_one_cm":245596},"minecraft:used":{"minecraft:chest":3,"minecraft:shield":24,"minecraft:iron_sword":17,"minecraft:rotten_flesh":4,"minecraft:iron_chestplate":6,"minecraft:mutton":9,"minecraft:grass_block":136,"minecraft:iron_helmet":4,"minecraft:bow":1,"minecraft:sweet_berries":6,"minecraft:oak_sapling":1,"minecraft:furnace":6,"minecraft:egg":5,"minecraft:potato":11,"minecraft:leather_leggings":1,"minecraft:diorite":32,"minecraft:diamond_boots":1,"minecraft:stone_pickaxe":131,"minecraft:oak_planks":21,"minecraft:ender_pearl":7,"minecraft:sandstone":1,"minecraft:sugar_cane":30,"minecraft:blue_bed":2,"minecraft:diamond_axe":314,"minecraft:sand":6,"minecraft:blast_furnace":2,"minecraft:deepslate_tiles":1,"minecraft:firework_rocket":3,"minecraft:melon_slice":20,"minecraft:bread":55,"minecraft:lectern":3,"minecraft:oak_pressure_plate":1,"minecraft:gravel":6,"minecraft:diamond_sword":95,"minecraft:oak_boat":9,"minecraft:bone_meal":22,"minecraft:flint_and_steel":55,"minecraft:cooked_chicken":1,"minecraft:torch":14,"minecraft:brewing_stand":1,"minecraft:dirt":260,"minecraft:white_carpet":3,"minecraft:diamond_helmet":2,"minecraft:yellow_carpet":4,"minecraft:granite":14,"minecraft:dark_oak_planks":27,"minecraft:iron_axe":236,"minecraft:iron_boots":4,"minecraft:diamond_chestplate":1,"minecraft:cooked_beef":31,"minecraft:cobbled_deepslate":123,"minecraft:iron_leggings":4,"minecraft:wheat_seeds":37,"minecraft:cooked_mutton":9,"minecraft:water_bucket":21,"minecraft:birch_planks":1,"minecraft:baked_potato":10,"minecraft:fletching_table":7,"minecraft:mossy_cobblestone":1,"minecraft:crafting_table":10,"minecraft:white_bed":20,"minecraft:oxeye_daisy":1,"minecraft:diamond_pickaxe":879,"minecraft:apple":10,"minecraft:diamond_shovel":983,"minecraft:chicken":4,"minecraft:iron_pickaxe":752,"minecraft:map":1,"minecraft:spruce_sapling":20,"minecraft:stone_axe":75,"minecraft:potion":1,"minecraft:cobblestone":373,"minecraft:purple_bed":1,"minecraft:porkchop":4,"minecraft:white_banner":1,"minecraft:bucket":22,"minecraft:pumpkin_pie":2,"minecraft:yellow_bed":3,"minecraft:diamond_leggings":3,"minecraft:splash_potion":2},"minecraft:broken":{"minecraft:stone_pickaxe":1,"minecraft:flint_and_steel":1,"minecraft:iron_axe":1,"minecraft:iron_pickaxe":3},"minecraft:killed_by":{"minecraft:creeper":4,"minecraft:vindicator":3,"minecraft:witch":1,"minecraft:zombie":1,"minecraft:wolf":1,"minecraft:iron_golem":13,"minecraft:ender_dragon":1,"minecraft:skeleton":1},"minecraft:dropped":{"minecraft:brown_mushroom":5,"minecraft:birch_planks":8,"minecraft:diamond_axe":1,"minecraft:oak_pressure_plate":9,"minecraft:cooked_beef":24,"minecraft:oak_log":23,"minecraft:baked_potato":6,"minecraft:chorus_fruit":9,"minecraft:glass_bottle":1,"minecraft:ender_pearl":1,"minecraft:diamond":4,"minecraft:crossbow":1,"minecraft:warped_roots":15,"minecraft:red_carpet":18,"minecraft:emerald":17,"minecraft:cobblestone_stairs":4,"minecraft:dirt":287,"minecraft:large_fern":2,"minecraft:mutton":2,"minecraft:sand":6,"minecraft:dark_oak_planks":8,"minecraft:white_wool":1,"minecraft:bone":3,"minecraft:gravel":43,"minecraft:blackstone":48,"minecraft:sugar_cane":6,"minecraft:iron_nugget":5,"minecraft:cobbled_deepslate":17,"minecraft:twisting_vines":2,"minecraft:wheat":2,"minecraft:obsidian":7,"minecraft:rotten_flesh":23,"minecraft:oak_planks":26,"minecraft:fern":2,"minecraft:diamond_shovel":1,"minecraft:end_stone":46,"minecraft:white_bed":2,"minecraft:carrot":1,"minecraft:poppy":4,"minecraft:charcoal":1,"minecraft:melon_seeds":1,"minecraft:ladder":2,"minecraft:arrow":157,"minecraft:warped_wart_block":3,"minecraft:stone_brick_stairs":4,"minecraft:netherrack":15,"minecraft:egg":5,"minecraft:water_bucket":1,"minecraft:iron_ingot":8,"minecraft:bread":104,"minecraft:wheat_seeds":36,"minecraft:mossy_cobblestone":1,"minecraft:diamond_leggings":1,"minecraft:iron_helmet":1,"minecraft:feather":3,"minecraft:cobblestone":527,"minecraft:lead":4,"minecraft:apple":2,"minecraft:granite":11,"minecraft:stick":60,"minecraft:diorite":6,"minecraft:torch":1,"minecraft:brown_wool":2,"minecraft:diamond_helmet":1,"minecraft:iron_leggings":1,"minecraft:iron_shovel":1,"minecraft:string":24,"minecraft:spruce_sapling":10,"minecraft:dandelion":6,"minecraft:redstone":16,"minecraft:polished_deepslate":20,"minecraft:sweet_berries":8,"minecraft:warped_nylium":4,"minecraft:stone_sword":2,"minecraft:cobblestone_wall":2,"minecraft:raw_iron":3,"minecraft:white_carpet":1,"minecraft:light_gray_wool":1,"minecraft:stripped_oak_log":1,"minecraft:ender_eye":11,"minecraft:totem_of_undying":2,"minecraft:pumpkin_seeds":1,"minecraft:flint_and_steel":1,"minecraft:diamond_sword":2,"minecraft:stone":4,"minecraft:diamond_chestplate":1,"minecraft:diamond_pickaxe":1,"minecraft:andesite":10,"minecraft:oak_sapling":4,"minecraft:oak_boat":4,"minecraft:spider_eye":1,"minecraft:diamond_boots":1,"minecraft:birch_boat":1,"minecraft:bow":1,"minecraft:stone_pickaxe":1,"minecraft:magma_cream":6,"minecraft:black_wool":2},"minecraft:picked_up":{"minecraft:iron_chestplate":10,"minecraft:wheat":67,"minecraft:smithing_table":2,"minecraft:lead":8,"minecraft:diamond_sword":20,"minecraft:potion":2,"minecraft:stone_brick_stairs":4,"minecraft:brewing_stand":1,"minecraft:polished_deepslate":20,"minecraft:string":33,"minecraft:raw_copper":45,"minecraft:iron_leggings":10,"minecraft:deepslate_tiles":3,"minecraft:diamond_leggings":8,"minecraft:cobbled_deepslate":139,"minecraft:eye_armor_trim_smithing_template":2,"minecraft:ender_eye":17,"minecraft:iron_pickaxe":9,"minecraft:melon_slice":20,"minecraft:furnace":8,"minecraft:iron_boots":9,"minecraft:stick":69,"minecraft:torch":44,"minecraft:porkchop":4,"minecraft:diorite":41,"minecraft:cauldron":6,"minecraft:stone_sword":2,"minecraft:rotten_flesh":43,"minecraft:obsidian":11,"minecraft:cobblestone":1386,"minecraft:birch_log":8,"minecraft:cooked_beef":64,"minecraft:feather":8,"minecraft:magma_cream":8,"minecraft:iron_door":2,"minecraft:water_bucket":1,"minecraft:andesite":56,"minecraft:brown_wool":3,"minecraft:potato":41,"minecraft:flint":55,"minecraft:tuff":8,"minecraft:lapis_lazuli":69,"minecraft:dirt":706,"minecraft:name_tag":2,"minecraft:twisting_vines":2,"minecraft:bone":40,"minecraft:bow":5,"minecraft:wheat_seeds":211,"minecraft:raw_gold":22,"minecraft:diamond_helmet":4,"minecraft:oak_planks":97,"minecraft:music_disc_13":2,"minecraft:warped_wart_block":3,"minecraft:oak_pressure_plate":10,"minecraft:sand":82,"minecraft:grass_block":155,"minecraft:dark_oak_log":6,"minecraft:mossy_cobblestone":6,"minecraft:yellow_carpet":12,"minecraft:diamond":59,"minecraft:crossbow":2,"minecraft:granite":93,"minecraft:golden_apple":2,"minecraft:spruce_sign":5,"minecraft:emerald":43,"minecraft:bread":70,"minecraft:oak_sapling":12,"minecraft:netherrack":15,"minecraft:chorus_fruit":13,"minecraft:dark_oak_fence":12,"minecraft:diamond_pickaxe":7,"minecraft:crafting_table":12,"minecraft:ladder":2,"minecraft:azure_bluet":1,"minecraft:splash_potion":1,"minecraft:chicken":9,"minecraft:nether_wart":40,"minecraft:leather_leggings":1,"minecraft:brown_mushroom":5,"minecraft:shield":7,"minecraft:large_fern":5,"minecraft:elytra":1,"minecraft:iron_axe":4,"minecraft:flint_and_steel":7,"minecraft:white_carpet":10,"minecraft:iron_shovel":2,"minecraft:blackstone":48,"minecraft:cartography_table":1,"minecraft:beef":6,"minecraft:spire_armor_trim_smithing_template":2,"minecraft:oak_boat":12,"minecraft:iron_nugget":10,"minecraft:poppy":18,"minecraft:light_gray_wool":1,"minecraft:lectern":3,"minecraft:chest":11,"minecraft:sugar_cane":360,"minecraft:birch_sapling":2,"minecraft:egg":14,"minecraft:raw_iron":99,"minecraft:end_stone":44,"minecraft:stone":2,"minecraft:carrot":1,"minecraft:redstone":91,"minecraft:dark_oak_planks":15,"minecraft:arrow":158,"minecraft:diamond_chestplate":4,"minecraft:diamond_boots":4,"minecraft:hay_block":4,"minecraft:totem_of_undying":5,"minecraft:glistering_melon_slice":12,"minecraft:gold_ingot":42,"minecraft:mutton":28,"minecraft:white_wool":24,"minecraft:oxeye_daisy":1,"minecraft:stripped_oak_log":7,"minecraft:basalt":9,"minecraft:leather":4,"minecraft:fern":2,"minecraft:filled_map":6,"minecraft:birch_planks":5,"minecraft:oak_log":66,"minecraft:yellow_bed":3,"minecraft:cobblestone_wall":2,"minecraft:gunpowder":39,"minecraft:cobblestone_stairs":8,"minecraft:blue_bed":3,"minecraft:paper":10,"minecraft:white_banner":1,"minecraft:cooked_mutton":9,"minecraft:red_carpet":27,"minecraft:apple":24,"minecraft:iron_ingot":34,"minecraft:stone_pickaxe":3,"minecraft:glass_bottle":4,"minecraft:iron_sword":11,"minecraft:book":89,"minecraft:birch_boat":2,"minecraft:sweet_berries":13,"minecraft:dandelion":10,"minecraft:gravel":84,"minecraft:spruce_sapling":67,"minecraft:blast_furnace":4,"minecraft:white_bed":23,"minecraft:spruce_log":163,"minecraft:spider_eye":3,"minecraft:diamond_shovel":9,"minecraft:pumpkin_seeds":1,"minecraft:purple_bed":1,"minecraft:stone_axe":1,"minecraft:iron_helmet":15,"minecraft:diamond_axe":4,"minecraft:warped_roots":15,"minecraft:melon_seeds":1,"minecraft:black_wool":2,"minecraft:warped_nylium":4,"minecraft:coal":82,"minecraft:ender_pearl":8},"minecraft:killed":{"minecraft:spider":1,"minecraft:skeleton":5,"minecraft:chicken":6,"minecraft:wolf":1,"minecraft:pig":3,"minecraft:iron_golem":2,"minecraft:sheep":19,"minecraft:trader_llama":1,"minecraft:pillager":1,"minecraft:zombie":17,"minecraft:cow":2,"minecraft:evoker":1,"minecraft:vindicator":2,"minecraft:villager":4}},"DataVersion":3465}