{"stats":{"minecraft:custom":{"minecraft:interact_with_furnace":7,"minecraft:mob_kills":8,"minecraft:interact_with_crafting_table":5,"minecraft:time_since_death":35519,"minecraft:sleep_in_bed":3,"minecraft:time_since_rest":10989,"minecraft:sprint_one_cm":111109,"minecraft:damage_taken":459,"minecraft:walk_one_cm":128604,"minecraft:drop":17,"minecraft:damage_dealt":743,"minecraft:swim_one_cm":4824,"minecraft:fly_one_cm":94945,"minecraft:open_chest":4,"minecraft:crouch_one_cm":577,"minecraft:play_time":35519,"minecraft:sneak_time":476,"minecraft:walk_under_water_one_cm":4569,"minecraft:jump":705,"minecraft:walk_on_water_one_cm":11338,"minecraft:total_world_time":35519,"minecraft:fall_one_cm":20084},"minecraft:crafted":{"minecraft:oak_planks":12,"minecraft:crafting_table":2,"minecraft:furnace":1,"minecraft:stone_axe":1,"minecraft:bread":12,"minecraft:cooked_mutton":3,"minecraft:stick":4,"minecraft:wheat":36},"minecraft:killed":{"minecraft:skeleton":1,"minecraft:sheep":5,"minecraft:zombie":1,"minecraft:chicken":1},"minecraft:mined":{"minecraft:smithing_table":1,"minecraft:white_bed":2,"minecraft:mossy_cobblestone":1,"minecraft:dandelion":1,"minecraft:torch":1,"minecraft:blast_furnace":1,"minecraft:grass_block":7,"minecraft:chest":2,"minecraft:cobblestone":6,"minecraft:hay_block":4,"minecraft:iron_ore":3,"minecraft:andesite":1,"minecraft:bee_nest":1,"minecraft:grass":5,"minecraft:oak_log":25,"minecraft:water_cauldron":3,"minecraft:deepslate_iron_ore":3,"minecraft:sand":1,"minecraft:dirt":7,"minecraft:stone":13,"minecraft:oak_leaves":3,"minecraft:deepslate":4},"minecraft:dropped":{"minecraft:oak_log":23,"minecraft:mossy_cobblestone":1,"minecraft:raw_iron":3,"minecraft:cobblestone":1,"minecraft:rotten_flesh":2,"minecraft:oak_planks":1,"minecraft:stick":6,"minecraft:dirt":11,"minecraft:oak_sapling":2,"minecraft:sand":2,"minecraft:egg":3,"minecraft:bone":1,"minecraft:dandelion":3},"minecraft:used":{"minecraft:leather_leggings":1,"minecraft:stone_pickaxe":37,"minecraft:oak_planks":1,"minecraft:torch":1,"minecraft:dirt":7,"minecraft:crafting_table":2,"minecraft:white_bed":2,"minecraft:apple":1,"minecraft:bread":9,"minecraft:iron_pickaxe":3,"minecraft:stone_axe":43,"minecraft:cobblestone":10,"minecraft:furnace":1,"minecraft:potato":10},"minecraft:picked_up":{"minecraft:chicken":1,"minecraft:smithing_table":1,"minecraft:potato":11,"minecraft:oak_log":26,"minecraft:shield":1,"minecraft:gunpowder":5,"minecraft:string":7,"minecraft:dirt":18,"minecraft:bone":6,"minecraft:apple":2,"minecraft:bow":1,"minecraft:cobbled_deepslate":5,"minecraft:iron_ingot":3,"minecraft:stone_pickaxe":1,"minecraft:iron_pickaxe":1,"minecraft:chest":2,"minecraft:egg":3,"minecraft:book":1,"minecraft:stick":4,"minecraft:raw_iron":3,"minecraft:music_disc_13":1,"minecraft:torch":2,"minecraft:dandelion":3,"minecraft:sand":2,"minecraft:blast_furnace":1,"minecraft:white_bed":2,"minecraft:cauldron":3,"minecraft:mossy_cobblestone":1,"minecraft:arrow":3,"minecraft:rotten_flesh":2,"minecraft:hay_block":4,"minecraft:bread":5,"minecraft:oak_sapling":2,"minecraft:mutton":5,"minecraft:cobblestone":17,"minecraft:white_wool":5}},"DataVersion":3465}