{"stats":{"minecraft:picked_up":{"minecraft:crafting_table":4,"minecraft:iron_chestplate":3,"minecraft:wheat":16,"minecraft:azure_bluet":1,"minecraft:chicken":4,"minecraft:ladder":2,"minecraft:leather_leggings":1,"minecraft:smithing_table":2,"minecraft:diamond_sword":2,"minecraft:shield":5,"minecraft:string":18,"minecraft:iron_axe":2,"minecraft:raw_copper":19,"minecraft:iron_leggings":1,"minecraft:white_carpet":10,"minecraft:diamond_leggings":2,"minecraft:cartography_table":1,"minecraft:cobbled_deepslate":116,"minecraft:beef":6,"minecraft:ender_eye":11,"minecraft:poppy":4,"minecraft:iron_pickaxe":4,"minecraft:sugar_cane":184,"minecraft:chest":6,"minecraft:birch_sapling":2,"minecraft:furnace":8,"minecraft:iron_boots":3,"minecraft:egg":7,"minecraft:stick":32,"minecraft:raw_iron":92,"minecraft:torch":20,"minecraft:diorite":37,"minecraft:carrot":1,"minecraft:redstone":67,"minecraft:cauldron":6,"minecraft:rotten_flesh":24,"minecraft:arrow":60,"minecraft:diamond_chestplate":2,"minecraft:diamond_boots":2,"minecraft:hay_block":4,"minecraft:obsidian":3,"minecraft:mutton":17,"minecraft:white_wool":19,"minecraft:cobblestone":763,"minecraft:stripped_oak_log":7,"minecraft:feather":2,"minecraft:cooked_beef":49,"minecraft:andesite":36,"minecraft:brown_wool":2,"minecraft:potato":28,"minecraft:filled_map":3,"minecraft:flint":6,"minecraft:tuff":4,"minecraft:oak_log":60,"minecraft:yellow_bed":2,"minecraft:gunpowder":34,"minecraft:lapis_lazuli":54,"minecraft:dirt":142,"minecraft:white_banner":1,"minecraft:name_tag":2,"minecraft:cooked_mutton":9,"minecraft:bone":17,"minecraft:apple":4,"minecraft:bow":3,"minecraft:wheat_seeds":33,"minecraft:raw_gold":18,"minecraft:stone_pickaxe":3,"minecraft:iron_ingot":23,"minecraft:diamond_helmet":2,"minecraft:iron_sword":4,"minecraft:oak_planks":49,"minecraft:book":2,"minecraft:birch_boat":1,"minecraft:music_disc_13":2,"minecraft:dandelion":7,"minecraft:oak_pressure_plate":10,"minecraft:gravel":84,"minecraft:sand":68,"minecraft:blast_furnace":3,"minecraft:white_bed":9,"minecraft:spider_eye":2,"minecraft:mossy_cobblestone":6,"minecraft:diamond_shovel":1,"minecraft:yellow_carpet":12,"minecraft:diamond":41,"minecraft:stone_axe":1,"minecraft:iron_helmet":3,"minecraft:diamond_axe":1,"minecraft:granite":76,"minecraft:golden_apple":2,"minecraft:emerald":8,"minecraft:bread":5,"minecraft:oak_sapling":6,"minecraft:coal":82,"minecraft:diamond_pickaxe":4},"minecraft:used":{"minecraft:flint_and_steel":14,"minecraft:chest":1,"minecraft:shield":23,"minecraft:iron_sword":4,"minecraft:cooked_chicken":1,"minecraft:rotten_flesh":3,"minecraft:iron_chestplate":3,"minecraft:torch":14,"minecraft:dirt":30,"minecraft:mutton":2,"minecraft:white_carpet":3,"minecraft:yellow_carpet":4,"minecraft:granite":14,"minecraft:iron_axe":194,"minecraft:iron_helmet":1,"minecraft:iron_boots":2,"minecraft:bow":1,"minecraft:furnace":5,"minecraft:egg":1,"minecraft:cooked_beef":24,"minecraft:potato":10,"minecraft:cobbled_deepslate":101,"minecraft:iron_leggings":2,"minecraft:cooked_mutton":9,"minecraft:water_bucket":4,"minecraft:diorite":32,"minecraft:leather_leggings":1,"minecraft:diamond_boots":1,"minecraft:stone_pickaxe":131,"minecraft:baked_potato":10,"minecraft:oak_planks":8,"minecraft:diamond_axe":69,"minecraft:sugar_cane":12,"minecraft:mossy_cobblestone":1,"minecraft:sand":1,"minecraft:crafting_table":6,"minecraft:blast_furnace":1,"minecraft:white_bed":8,"minecraft:diamond_pickaxe":384,"minecraft:apple":1,"minecraft:diamond_shovel":25,"minecraft:iron_pickaxe":502,"minecraft:bread":17,"minecraft:map":1,"minecraft:oak_pressure_plate":1,"minecraft:gravel":6,"minecraft:stone_axe":75,"minecraft:diamond_sword":7,"minecraft:cobblestone":256,"minecraft:white_banner":1,"minecraft:bucket":5,"minecraft:yellow_bed":2,"minecraft:oak_boat":1,"minecraft:splash_potion":2},"minecraft:killed_by":{"minecraft:creeper":1,"minecraft:iron_golem":13,"minecraft:skeleton":1,"minecraft:witch":1,"minecraft:zombie":1},"minecraft:crafted":{"minecraft:oak_planks":96,"minecraft:oak_pressure_plate":9,"minecraft:cooked_chicken":1,"minecraft:furnace":1,"minecraft:cooked_mutton":18,"minecraft:iron_axe":1,"minecraft:stone_pickaxe":1,"minecraft:wheat":36,"minecraft:cooked_beef":53,"minecraft:arrow":16,"minecraft:emerald":2,"minecraft:crafting_table":4,"minecraft:baked_potato":17,"minecraft:iron_helmet":1,"minecraft:bucket":1,"minecraft:stone_axe":1,"minecraft:bread":24,"minecraft:oak_boat":1,"minecraft:iron_chestplate":1,"minecraft:diamond_pickaxe":1,"minecraft:shield":1,"minecraft:stick":104,"minecraft:iron_ingot":18,"minecraft:iron_leggings":1},"minecraft:custom":{"minecraft:mob_kills":34,"minecraft:interact_with_crafting_table":30,"minecraft:leave_game":11,"minecraft:time_since_death":41180,"minecraft:climb_one_cm":2200,"minecraft:sprint_one_cm":704107,"minecraft:walk_one_cm":695749,"minecraft:damage_blocked_by_shield":1020,"minecraft:drop":50,"minecraft:talked_to_villager":9,"minecraft:play_time":290527,"minecraft:sneak_time":12808,"minecraft:deaths":20,"minecraft:walk_under_water_one_cm":55548,"minecraft:boat_one_cm":118235,"minecraft:jump":4335,"minecraft:interact_with_blast_furnace":3,"minecraft:walk_on_water_one_cm":54432,"minecraft:total_world_time":290527,"minecraft:interact_with_furnace":62,"minecraft:traded_with_villager":4,"minecraft:sleep_in_bed":18,"minecraft:time_since_rest":12844,"minecraft:damage_taken":9040,"minecraft:damage_dealt":7542,"minecraft:swim_one_cm":41032,"minecraft:fly_one_cm":663904,"minecraft:player_kills":2,"minecraft:open_chest":73,"minecraft:crouch_one_cm":21942,"minecraft:fall_one_cm":126818,"minecraft:horse_one_cm":543292},"minecraft:killed":{"minecraft:spider":1,"minecraft:skeleton":3,"minecraft:chicken":3,"minecraft:iron_golem":2,"minecraft:sheep":14,"minecraft:zombie":9,"minecraft:cow":2},"minecraft:mined":{"minecraft:tuff":7,"minecraft:white_bed":11,"minecraft:mossy_cobblestone":18,"minecraft:deepslate_diamond_ore":2,"minecraft:obsidian":5,"minecraft:granite":45,"minecraft:grass_block":28,"minecraft:yellow_carpet":4,"minecraft:oak_pressure_plate":1,"minecraft:cartography_table":1,"minecraft:hay_block":4,"minecraft:tall_seagrass":1,"minecraft:redstone_ore":2,"minecraft:furnace":6,"minecraft:iron_ore":69,"minecraft:fire":10,"minecraft:cobbled_deepslate":5,"minecraft:andesite":23,"minecraft:deepslate_lapis_ore":5,"minecraft:deepslate_iron_ore":28,"minecraft:water_cauldron":3,"minecraft:stripped_oak_log":5,"minecraft:stone":470,"minecraft:smithing_table":1,"minecraft:deepslate_redstone_ore":13,"minecraft:glass_pane":1,"minecraft:dandelion":1,"minecraft:crafting_table":4,"minecraft:torch":7,"minecraft:blast_furnace":2,"minecraft:chest":3,"minecraft:copper_ore":4,"minecraft:cobblestone":33,"minecraft:deepslate_gold_ore":18,"minecraft:sugar_cane":98,"minecraft:oak_planks":7,"minecraft:diorite":42,"minecraft:wall_torch":6,"minecraft:wheat":13,"minecraft:white_carpet":4,"minecraft:birch_leaves":1,"minecraft:yellow_bed":1,"minecraft:bee_nest":1,"minecraft:grass":35,"minecraft:oak_log":51,"minecraft:coal_ore":34,"minecraft:gravel":22,"minecraft:sand":1,"minecraft:dirt":50,"minecraft:oak_leaves":7,"minecraft:deepslate":82},"minecraft:broken":{"minecraft:stone_pickaxe":1,"minecraft:iron_pickaxe":2},"minecraft:dropped":{"minecraft:iron_ingot":8,"minecraft:wheat_seeds":31,"minecraft:oak_pressure_plate":9,"minecraft:oak_log":23,"minecraft:baked_potato":6,"minecraft:mossy_cobblestone":1,"minecraft:diamond":4,"minecraft:feather":1,"minecraft:cobblestone":21,"minecraft:apple":2,"minecraft:stick":12,"minecraft:dirt":26,"minecraft:sand":2,"minecraft:string":9,"minecraft:dandelion":5,"minecraft:bone":1,"minecraft:gravel":17,"minecraft:sugar_cane":4,"minecraft:raw_iron":3,"minecraft:white_carpet":1,"minecraft:rotten_flesh":11,"minecraft:oak_planks":17,"minecraft:ender_eye":11,"minecraft:carrot":1,"minecraft:oak_sapling":4,"minecraft:ladder":2,"minecraft:birch_boat":1,"minecraft:arrow":93,"minecraft:stone_pickaxe":1,"minecraft:egg":5}},"DataVersion":3465}