{"stats":{"minecraft:picked_up":{"minecraft:iron_chestplate":3,"minecraft:crafting_table":6,"minecraft:wheat":67,"minecraft:azure_bluet":1,"minecraft:splash_potion":1,"minecraft:chicken":5,"minecraft:ladder":2,"minecraft:leather_leggings":1,"minecraft:smithing_table":2,"minecraft:diamond_sword":5,"minecraft:brewing_stand":1,"minecraft:shield":7,"minecraft:string":18,"minecraft:raw_copper":19,"minecraft:iron_axe":2,"minecraft:iron_leggings":1,"minecraft:white_carpet":10,"minecraft:diamond_leggings":4,"minecraft:cartography_table":1,"minecraft:cobbled_deepslate":138,"minecraft:eye_armor_trim_smithing_template":2,"minecraft:beef":6,"minecraft:oak_boat":4,"minecraft:ender_eye":17,"minecraft:poppy":6,"minecraft:iron_pickaxe":5,"minecraft:lectern":1,"minecraft:sugar_cane":215,"minecraft:chest":6,"minecraft:birch_sapling":2,"minecraft:furnace":8,"minecraft:iron_boots":3,"minecraft:egg":11,"minecraft:stick":59,"minecraft:raw_iron":99,"minecraft:stone":2,"minecraft:torch":20,"minecraft:porkchop":1,"minecraft:diorite":41,"minecraft:carrot":1,"minecraft:redstone":67,"minecraft:cauldron":6,"minecraft:arrow":94,"minecraft:rotten_flesh":26,"minecraft:diamond_chestplate":4,"minecraft:diamond_boots":4,"minecraft:hay_block":4,"minecraft:totem_of_undying":1,"minecraft:obsidian":3,"minecraft:mutton":17,"minecraft:white_wool":19,"minecraft:cobblestone":813,"minecraft:oxeye_daisy":1,"minecraft:stripped_oak_log":7,"minecraft:feather":3,"minecraft:cooked_beef":64,"minecraft:water_bucket":1,"minecraft:iron_door":2,"minecraft:andesite":48,"minecraft:brown_wool":2,"minecraft:potato":35,"minecraft:filled_map":3,"minecraft:flint":6,"minecraft:tuff":4,"minecraft:oak_log":66,"minecraft:yellow_bed":3,"minecraft:gunpowder":35,"minecraft:lapis_lazuli":54,"minecraft:dirt":220,"minecraft:white_banner":1,"minecraft:name_tag":2,"minecraft:cooked_mutton":9,"minecraft:bone":19,"minecraft:apple":4,"minecraft:bow":5,"minecraft:wheat_seeds":207,"minecraft:raw_gold":22,"minecraft:iron_ingot":26,"minecraft:stone_pickaxe":3,"minecraft:diamond_helmet":4,"minecraft:iron_sword":4,"minecraft:oak_planks":74,"minecraft:book":2,"minecraft:birch_boat":1,"minecraft:music_disc_13":2,"minecraft:dandelion":9,"minecraft:oak_pressure_plate":10,"minecraft:gravel":84,"minecraft:sand":70,"minecraft:blast_furnace":3,"minecraft:white_bed":12,"minecraft:spider_eye":3,"minecraft:mossy_cobblestone":6,"minecraft:diamond_shovel":3,"minecraft:yellow_carpet":12,"minecraft:diamond":41,"minecraft:stone_axe":1,"minecraft:iron_helmet":3,"minecraft:granite":79,"minecraft:diamond_axe":3,"minecraft:golden_apple":2,"minecraft:emerald":8,"minecraft:bread":38,"minecraft:oak_sapling":6,"minecraft:coal":82,"minecraft:ender_pearl":5,"minecraft:diamond_pickaxe":6},"minecraft:used":{"minecraft:flint_and_steel":20,"minecraft:chest":2,"minecraft:shield":23,"minecraft:iron_sword":15,"minecraft:cooked_chicken":1,"minecraft:rotten_flesh":3,"minecraft:iron_chestplate":4,"minecraft:torch":14,"minecraft:brewing_stand":1,"minecraft:dirt":90,"minecraft:mutton":2,"minecraft:white_carpet":3,"minecraft:diamond_helmet":1,"minecraft:yellow_carpet":4,"minecraft:granite":14,"minecraft:iron_axe":194,"minecraft:iron_helmet":1,"minecraft:iron_boots":2,"minecraft:bow":1,"minecraft:furnace":5,"minecraft:egg":4,"minecraft:potato":10,"minecraft:cooked_beef":27,"minecraft:cobbled_deepslate":122,"minecraft:iron_leggings":3,"minecraft:wheat_seeds":37,"minecraft:cooked_mutton":9,"minecraft:water_bucket":16,"minecraft:diorite":32,"minecraft:leather_leggings":1,"minecraft:diamond_boots":1,"minecraft:stone_pickaxe":131,"minecraft:baked_potato":10,"minecraft:oak_planks":21,"minecraft:sugar_cane":14,"minecraft:diamond_axe":97,"minecraft:mossy_cobblestone":1,"minecraft:sand":3,"minecraft:crafting_table":8,"minecraft:blast_furnace":1,"minecraft:white_bed":10,"minecraft:deepslate_tiles":1,"minecraft:diamond_pickaxe":560,"minecraft:apple":1,"minecraft:oxeye_daisy":1,"minecraft:diamond_shovel":68,"minecraft:iron_pickaxe":502,"minecraft:bread":28,"minecraft:map":1,"minecraft:lectern":1,"minecraft:oak_pressure_plate":1,"minecraft:gravel":6,"minecraft:stone_axe":75,"minecraft:diamond_sword":11,"minecraft:cobblestone":262,"minecraft:white_banner":1,"minecraft:porkchop":1,"minecraft:bucket":17,"minecraft:oak_boat":2,"minecraft:yellow_bed":3,"minecraft:diamond_leggings":1,"minecraft:splash_potion":2},"minecraft:killed_by":{"minecraft:wolf":1,"minecraft:creeper":3,"minecraft:iron_golem":13,"minecraft:ender_dragon":1,"minecraft:skeleton":1,"minecraft:witch":1,"minecraft:zombie":1},"minecraft:crafted":{"minecraft:oak_planks":140,"minecraft:oak_pressure_plate":9,"minecraft:cooked_chicken":1,"minecraft:furnace":1,"minecraft:stone":2,"minecraft:cooked_mutton":18,"minecraft:iron_axe":1,"minecraft:stone_pickaxe":1,"minecraft:chest":1,"minecraft:wheat":36,"minecraft:cooked_beef":53,"minecraft:arrow":16,"minecraft:emerald":2,"minecraft:crafting_table":6,"minecraft:iron_helmet":1,"minecraft:baked_potato":17,"minecraft:bucket":1,"minecraft:deepslate_tiles":1,"minecraft:stone_axe":1,"minecraft:bread":40,"minecraft:oak_boat":2,"minecraft:charcoal":1,"minecraft:iron_chestplate":1,"minecraft:diamond_pickaxe":1,"minecraft:shield":1,"minecraft:stick":104,"minecraft:iron_ingot":18,"minecraft:iron_leggings":1},"minecraft:custom":{"minecraft:mob_kills":43,"minecraft:interact_with_crafting_table":36,"minecraft:leave_game":15,"minecraft:time_since_death":31325,"minecraft:climb_one_cm":2200,"minecraft:sprint_one_cm":1039763,"minecraft:walk_one_cm":905458,"minecraft:damage_blocked_by_shield":1020,"minecraft:drop":85,"minecraft:talked_to_villager":14,"minecraft:play_time":388151,"minecraft:sneak_time":15029,"minecraft:deaths":25,"minecraft:walk_under_water_one_cm":65644,"minecraft:boat_one_cm":173840,"minecraft:jump":5804,"minecraft:interact_with_blast_furnace":3,"minecraft:walk_on_water_one_cm":76951,"minecraft:total_world_time":388151,"minecraft:interact_with_furnace":70,"minecraft:traded_with_villager":4,"minecraft:interact_with_stonecutter":1,"minecraft:sleep_in_bed":22,"minecraft:time_since_rest":31379,"minecraft:damage_taken":10962,"minecraft:damage_dealt":9159,"minecraft:swim_one_cm":51008,"minecraft:fly_one_cm":900107,"minecraft:player_kills":2,"minecraft:open_chest":100,"minecraft:crouch_one_cm":27463,"minecraft:fall_one_cm":172827,"minecraft:horse_one_cm":768509},"minecraft:killed":{"minecraft:spider":1,"minecraft:skeleton":3,"minecraft:chicken":4,"minecraft:pig":2,"minecraft:iron_golem":2,"minecraft:sheep":14,"minecraft:zombie":11,"minecraft:villager":4,"minecraft:cow":2},"minecraft:mined":{"minecraft:tuff":7,"minecraft:white_bed":13,"minecraft:mossy_cobblestone":18,"minecraft:deepslate_diamond_ore":6,"minecraft:brewing_stand":1,"minecraft:obsidian":5,"minecraft:granite":48,"minecraft:grass_block":30,"minecraft:yellow_carpet":4,"minecraft:oak_pressure_plate":1,"minecraft:cartography_table":1,"minecraft:oxeye_daisy":1,"minecraft:hay_block":4,"minecraft:tall_seagrass":1,"minecraft:redstone_ore":2,"minecraft:furnace":6,"minecraft:iron_ore":76,"minecraft:fire":16,"minecraft:cobbled_deepslate":7,"minecraft:andesite":35,"minecraft:deepslate_lapis_ore":5,"minecraft:potatoes":6,"minecraft:water_cauldron":3,"minecraft:deepslate_iron_ore":28,"minecraft:stripped_oak_log":5,"minecraft:stone":554,"minecraft:smithing_table":1,"minecraft:deepslate_redstone_ore":13,"minecraft:glass_pane":1,"minecraft:infested_stone_bricks":1,"minecraft:dandelion":1,"minecraft:crafting_table":6,"minecraft:torch":7,"minecraft:blast_furnace":2,"minecraft:chest":3,"minecraft:lectern":1,"minecraft:copper_ore":4,"minecraft:cobblestone":33,"minecraft:deepslate_gold_ore":22,"minecraft:oak_planks":8,"minecraft:sugar_cane":111,"minecraft:iron_door":11,"minecraft:diorite":46,"minecraft:wall_torch":7,"minecraft:wheat":78,"minecraft:white_carpet":4,"minecraft:birch_leaves":1,"minecraft:bee_nest":1,"minecraft:yellow_bed":2,"minecraft:grass":42,"minecraft:coal_ore":34,"minecraft:oak_log":57,"minecraft:gravel":24,"minecraft:sand":1,"minecraft:dirt":96,"minecraft:stone_bricks":3,"minecraft:mossy_stone_bricks":2,"minecraft:oak_leaves":9,"minecraft:deepslate":115},"minecraft:broken":{"minecraft:stone_pickaxe":1,"minecraft:iron_pickaxe":2},"minecraft:dropped":{"minecraft:water_bucket":1,"minecraft:iron_ingot":8,"minecraft:bread":38,"minecraft:wheat_seeds":32,"minecraft:oak_pressure_plate":9,"minecraft:cooked_beef":24,"minecraft:oak_log":23,"minecraft:baked_potato":6,"minecraft:mossy_cobblestone":1,"minecraft:diamond":4,"minecraft:feather":3,"minecraft:cobblestone":148,"minecraft:apple":2,"minecraft:stick":60,"minecraft:dirt":28,"minecraft:diorite":4,"minecraft:torch":1,"minecraft:brown_wool":1,"minecraft:diamond_helmet":1,"minecraft:sand":2,"minecraft:string":9,"minecraft:dandelion":5,"minecraft:bone":3,"minecraft:gravel":43,"minecraft:sugar_cane":4,"minecraft:cobbled_deepslate":17,"minecraft:wheat":2,"minecraft:obsidian":3,"minecraft:raw_iron":3,"minecraft:white_carpet":1,"minecraft:rotten_flesh":11,"minecraft:oak_planks":22,"minecraft:stripped_oak_log":1,"minecraft:ender_eye":11,"minecraft:totem_of_undying":1,"minecraft:carrot":1,"minecraft:diamond_sword":1,"minecraft:poppy":2,"minecraft:stone":2,"minecraft:diamond_chestplate":1,"minecraft:charcoal":1,"minecraft:oak_sapling":4,"minecraft:oak_boat":2,"minecraft:ladder":2,"minecraft:spider_eye":1,"minecraft:diamond_boots":1,"minecraft:birch_boat":1,"minecraft:bow":1,"minecraft:arrow":157,"minecraft:stone_pickaxe":1,"minecraft:egg":5}},"DataVersion":3465}