{"stats":{"minecraft:custom":{"minecraft:mob_kills":22,"minecraft:interact_with_crafting_table":13,"minecraft:leave_game":2,"minecraft:time_since_death":49270,"minecraft:climb_one_cm":2200,"minecraft:sprint_one_cm":254579,"minecraft:walk_one_cm":290221,"minecraft:damage_blocked_by_shield":80,"minecraft:drop":36,"minecraft:talked_to_villager":4,"minecraft:play_time":93464,"minecraft:deaths":1,"minecraft:sneak_time":1492,"minecraft:walk_under_water_one_cm":13232,"minecraft:jump":1646,"minecraft:interact_with_blast_furnace":3,"minecraft:walk_on_water_one_cm":22744,"minecraft:total_world_time":93464,"minecraft:interact_with_furnace":21,"minecraft:sleep_in_bed":4,"minecraft:time_since_rest":29641,"minecraft:damage_taken":2021,"minecraft:damage_dealt":2922,"minecraft:swim_one_cm":4824,"minecraft:fly_one_cm":238493,"minecraft:player_kills":2,"minecraft:open_chest":8,"minecraft:crouch_one_cm":1651,"minecraft:fall_one_cm":45379},"minecraft:crafted":{"minecraft:oak_planks":32,"minecraft:cooked_chicken":1,"minecraft:furnace":1,"minecraft:cooked_mutton":8,"minecraft:iron_axe":1,"minecraft:wheat":36,"minecraft:cooked_beef":8,"minecraft:crafting_table":3,"minecraft:baked_potato":17,"minecraft:stone_axe":1,"minecraft:bread":14,"minecraft:stick":12,"minecraft:iron_ingot":2},"minecraft:killed":{"minecraft:skeleton":1,"minecraft:chicken":2,"minecraft:sheep":13,"minecraft:zombie":4,"minecraft:cow":2},"minecraft:mined":{"minecraft:white_bed":3,"minecraft:mossy_cobblestone":1,"minecraft:grass_block":9,"minecraft:cartography_table":1,"minecraft:hay_block":4,"minecraft:furnace":4,"minecraft:iron_ore":5,"minecraft:andesite":3,"minecraft:water_cauldron":3,"minecraft:deepslate_iron_ore":3,"minecraft:stripped_oak_log":1,"minecraft:stone":113,"minecraft:smithing_table":1,"minecraft:deepslate_redstone_ore":8,"minecraft:glass_pane":1,"minecraft:dandelion":1,"minecraft:crafting_table":2,"minecraft:torch":1,"minecraft:blast_furnace":2,"minecraft:chest":3,"minecraft:cobblestone":20,"minecraft:deepslate_gold_ore":8,"minecraft:sugar_cane":4,"minecraft:oak_planks":3,"minecraft:diorite":10,"minecraft:wall_torch":1,"minecraft:wheat":13,"minecraft:white_carpet":1,"minecraft:bee_nest":1,"minecraft:grass":27,"minecraft:oak_log":29,"minecraft:coal_ore":26,"minecraft:gravel":1,"minecraft:sand":1,"minecraft:dirt":13,"minecraft:oak_leaves":3,"minecraft:deepslate":17},"minecraft:killed_by":{"minecraft:zombie":1},"minecraft:dropped":{"minecraft:iron_ingot":2,"minecraft:wheat_seeds":31,"minecraft:oak_log":23,"minecraft:baked_potato":6,"minecraft:mossy_cobblestone":1,"minecraft:feather":1,"minecraft:cobblestone":21,"minecraft:apple":2,"minecraft:stick":12,"minecraft:dirt":26,"minecraft:sand":2,"minecraft:string":9,"minecraft:dandelion":5,"minecraft:bone":1,"minecraft:gravel":17,"minecraft:raw_iron":3,"minecraft:white_carpet":1,"minecraft:rotten_flesh":11,"minecraft:oak_planks":17,"minecraft:carrot":1,"minecraft:oak_sapling":4,"minecraft:ladder":2,"minecraft:stone_pickaxe":1,"minecraft:egg":3},"minecraft:used":{"minecraft:shield":1,"minecraft:iron_sword":2,"minecraft:cooked_chicken":1,"minecraft:torch":2,"minecraft:dirt":7,"minecraft:iron_axe":76,"minecraft:furnace":3,"minecraft:cooked_beef":3,"minecraft:potato":10,"minecraft:cooked_mutton":6,"minecraft:diorite":10,"minecraft:leather_leggings":1,"minecraft:stone_pickaxe":37,"minecraft:baked_potato":10,"minecraft:oak_planks":1,"minecraft:mossy_cobblestone":1,"minecraft:sand":1,"minecraft:crafting_table":3,"minecraft:blast_furnace":1,"minecraft:white_bed":2,"minecraft:apple":1,"minecraft:bread":10,"minecraft:iron_pickaxe":197,"minecraft:stone_axe":75,"minecraft:cobblestone":53},"minecraft:picked_up":{"minecraft:crafting_table":2,"minecraft:wheat":16,"minecraft:azure_bluet":1,"minecraft:chicken":3,"minecraft:ladder":2,"minecraft:leather_leggings":1,"minecraft:smithing_table":2,"minecraft:shield":2,"minecraft:string":18,"minecraft:white_carpet":1,"minecraft:cartography_table":1,"minecraft:cobbled_deepslate":40,"minecraft:beef":6,"minecraft:iron_pickaxe":2,"minecraft:sugar_cane":10,"minecraft:chest":6,"minecraft:egg":3,"minecraft:furnace":6,"minecraft:raw_iron":7,"minecraft:stick":4,"minecraft:torch":5,"minecraft:diorite":10,"minecraft:carrot":1,"minecraft:redstone":36,"minecraft:cauldron":6,"minecraft:arrow":6,"minecraft:rotten_flesh":21,"minecraft:hay_block":4,"minecraft:mutton":15,"minecraft:cobblestone":186,"minecraft:white_wool":19,"minecraft:stripped_oak_log":1,"minecraft:feather":1,"minecraft:cooked_beef":8,"minecraft:potato":28,"minecraft:oak_log":30,"minecraft:gunpowder":10,"minecraft:dirt":43,"minecraft:name_tag":2,"minecraft:cooked_mutton":7,"minecraft:bone":13,"minecraft:apple":4,"minecraft:bow":2,"minecraft:wheat_seeds":31,"minecraft:raw_gold":8,"minecraft:stone_pickaxe":3,"minecraft:iron_ingot":6,"minecraft:oak_planks":27,"minecraft:iron_sword":1,"minecraft:book":2,"minecraft:music_disc_13":2,"minecraft:dandelion":7,"minecraft:gravel":18,"minecraft:sand":68,"minecraft:blast_furnace":3,"minecraft:white_bed":3,"minecraft:mossy_cobblestone":2,"minecraft:stone_axe":1,"minecraft:golden_apple":2,"minecraft:bread":5,"minecraft:oak_sapling":6,"minecraft:coal":54}},"DataVersion":3465}