{"stats":{"minecraft:custom":{"minecraft:interact_with_furnace":15,"minecraft:mob_kills":11,"minecraft:interact_with_crafting_table":7,"minecraft:time_since_death":3325,"minecraft:sleep_in_bed":3,"minecraft:climb_one_cm":2200,"minecraft:time_since_rest":3353,"minecraft:sprint_one_cm":120284,"minecraft:damage_taken":841,"minecraft:walk_one_cm":151174,"minecraft:drop":17,"minecraft:damage_dealt":1485,"minecraft:talked_to_villager":3,"minecraft:swim_one_cm":4824,"minecraft:fly_one_cm":102975,"minecraft:open_chest":4,"minecraft:crouch_one_cm":986,"minecraft:play_time":47519,"minecraft:deaths":1,"minecraft:sneak_time":1117,"minecraft:walk_under_water_one_cm":9544,"minecraft:jump":835,"minecraft:interact_with_blast_furnace":1,"minecraft:walk_on_water_one_cm":15318,"minecraft:total_world_time":47519,"minecraft:fall_one_cm":20980},"minecraft:crafted":{"minecraft:cooked_beef":8,"minecraft:oak_planks":12,"minecraft:crafting_table":2,"minecraft:cooked_chicken":1,"minecraft:furnace":1,"minecraft:stone_axe":1,"minecraft:bread":13,"minecraft:cooked_mutton":8,"minecraft:stick":4,"minecraft:wheat":36},"minecraft:killed":{"minecraft:skeleton":1,"minecraft:sheep":5,"minecraft:zombie":4,"minecraft:chicken":1},"minecraft:mined":{"minecraft:smithing_table":1,"minecraft:white_bed":2,"minecraft:mossy_cobblestone":1,"minecraft:dandelion":1,"minecraft:crafting_table":1,"minecraft:torch":1,"minecraft:blast_furnace":1,"minecraft:grass_block":8,"minecraft:chest":3,"minecraft:cobblestone":6,"minecraft:wall_torch":1,"minecraft:diorite":10,"minecraft:hay_block":4,"minecraft:furnace":2,"minecraft:iron_ore":5,"minecraft:andesite":1,"minecraft:bee_nest":1,"minecraft:grass":5,"minecraft:coal_ore":26,"minecraft:oak_log":25,"minecraft:water_cauldron":3,"minecraft:deepslate_iron_ore":3,"minecraft:sand":1,"minecraft:dirt":9,"minecraft:stone":93,"minecraft:oak_leaves":3,"minecraft:deepslate":4},"minecraft:killed_by":{"minecraft:zombie":1},"minecraft:dropped":{"minecraft:oak_log":23,"minecraft:mossy_cobblestone":1,"minecraft:raw_iron":3,"minecraft:cobblestone":1,"minecraft:rotten_flesh":2,"minecraft:oak_planks":1,"minecraft:stick":6,"minecraft:dirt":11,"minecraft:oak_sapling":2,"minecraft:sand":2,"minecraft:egg":3,"minecraft:bone":1,"minecraft:dandelion":3},"minecraft:used":{"minecraft:cooked_mutton":1,"minecraft:diorite":10,"minecraft:leather_leggings":1,"minecraft:stone_pickaxe":37,"minecraft:oak_planks":1,"minecraft:torch":2,"minecraft:mossy_cobblestone":1,"minecraft:sand":1,"minecraft:dirt":7,"minecraft:crafting_table":2,"minecraft:blast_furnace":1,"minecraft:white_bed":2,"minecraft:apple":1,"minecraft:bread":9,"minecraft:iron_pickaxe":126,"minecraft:stone_axe":73,"minecraft:cobblestone":20,"minecraft:furnace":3,"minecraft:cooked_beef":1,"minecraft:potato":10},"minecraft:picked_up":{"minecraft:wheat":3,"minecraft:cooked_beef":8,"minecraft:chicken":2,"minecraft:leather_leggings":1,"minecraft:smithing_table":2,"minecraft:potato":28,"minecraft:oak_log":26,"minecraft:shield":2,"minecraft:gunpowder":10,"minecraft:string":18,"minecraft:dirt":38,"minecraft:name_tag":2,"minecraft:cooked_mutton":7,"minecraft:bone":13,"minecraft:apple":4,"minecraft:bow":2,"minecraft:cobbled_deepslate":5,"minecraft:iron_ingot":6,"minecraft:stone_pickaxe":2,"minecraft:iron_pickaxe":2,"minecraft:chest":6,"minecraft:oak_planks":2,"minecraft:furnace":4,"minecraft:egg":3,"minecraft:book":2,"minecraft:stick":4,"minecraft:raw_iron":7,"minecraft:music_disc_13":2,"minecraft:torch":2,"minecraft:dandelion":7,"minecraft:sand":4,"minecraft:blast_furnace":2,"minecraft:diorite":10,"minecraft:white_bed":2,"minecraft:cauldron":6,"minecraft:mossy_cobblestone":2,"minecraft:arrow":6,"minecraft:rotten_flesh":19,"minecraft:stone_axe":1,"minecraft:hay_block":4,"minecraft:golden_apple":2,"minecraft:bread":5,"minecraft:coal":54,"minecraft:oak_sapling":6,"minecraft:mutton":5,"minecraft:cobblestone":155,"minecraft:white_wool":10}},"DataVersion":3465}